/****************************************************************************
** Resource object code
**
** Created by: The Resource Compiler for Qt version 6.11.1
**
** WARNING! All changes made in this file will be lost!
*****************************************************************************/

#ifdef _MSC_VER
// disable informational message "function ... selected for automatic inline expansion"
#pragma warning (disable: 4711)
#endif

static const unsigned char qt_resource_data[] = {
  // Main.qml
  0x0,0x0,0x1,0x3b,
  0x69,
  0x6d,0x70,0x6f,0x72,0x74,0x20,0x51,0x74,0x51,0x75,0x69,0x63,0x6b,0xa,0xa,0x57,
  0x69,0x6e,0x64,0x6f,0x77,0x20,0x7b,0xa,0x20,0x20,0x20,0x20,0x69,0x64,0x3a,0x20,
  0x77,0x69,0x6e,0x64,0x6f,0x77,0xa,0xa,0x20,0x20,0x20,0x20,0x77,0x69,0x64,0x74,
  0x68,0x3a,0x20,0x34,0x38,0x30,0xa,0x20,0x20,0x20,0x20,0x68,0x65,0x69,0x67,0x68,
  0x74,0x3a,0x20,0x38,0x32,0x30,0xa,0x20,0x20,0x20,0x20,0x6d,0x69,0x6e,0x69,0x6d,
  0x75,0x6d,0x57,0x69,0x64,0x74,0x68,0x3a,0x20,0x33,0x34,0x30,0xa,0x20,0x20,0x20,
  0x20,0x6d,0x69,0x6e,0x69,0x6d,0x75,0x6d,0x48,0x65,0x69,0x67,0x68,0x74,0x3a,0x20,
  0x36,0x30,0x30,0xa,0x20,0x20,0x20,0x20,0x76,0x69,0x73,0x69,0x62,0x6c,0x65,0x3a,
  0x20,0x74,0x72,0x75,0x65,0xa,0x20,0x20,0x20,0x20,0x74,0x69,0x74,0x6c,0x65,0x3a,
  0x20,0x71,0x73,0x54,0x72,0x28,0x22,0x43,0x72,0x61,0x7a,0x79,0x20,0x50,0x6f,0x70,
  0x70,0x65,0x72,0x73,0x22,0x29,0xa,0x20,0x20,0x20,0x20,0x63,0x6f,0x6c,0x6f,0x72,
  0x3a,0x20,0x54,0x68,0x65,0x6d,0x65,0x2e,0x77,0x6f,0x6f,0x64,0x42,0x6f,0x74,0x74,
  0x6f,0x6d,0xa,0xa,0x20,0x20,0x20,0x20,0x47,0x61,0x6d,0x65,0x45,0x6e,0x67,0x69,
  0x6e,0x65,0x20,0x7b,0xa,0x20,0x20,0x20,0x20,0x20,0x20,0x20,0x20,0x69,0x64,0x3a,
  0x20,0x65,0x6e,0x67,0x69,0x6e,0x65,0xa,0x20,0x20,0x20,0x20,0x7d,0xa,0xa,0x20,
  0x20,0x20,0x20,0x47,0x61,0x6d,0x65,0x53,0x63,0x72,0x65,0x65,0x6e,0x20,0x7b,0xa,
  0x20,0x20,0x20,0x20,0x20,0x20,0x20,0x20,0x61,0x6e,0x63,0x68,0x6f,0x72,0x73,0x2e,
  0x66,0x69,0x6c,0x6c,0x3a,0x20,0x70,0x61,0x72,0x65,0x6e,0x74,0xa,0x20,0x20,0x20,
  0x20,0x20,0x20,0x20,0x20,0x67,0x61,0x6d,0x65,0x3a,0x20,0x65,0x6e,0x67,0x69,0x6e,
  0x65,0xa,0x20,0x20,0x20,0x20,0x7d,0xa,0x7d,0xa,
    // BoardView.qml
  0x0,0x0,0x7,0xdc,
  0x69,
  0x6d,0x70,0x6f,0x72,0x74,0x20,0x51,0x74,0x51,0x75,0x69,0x63,0x6b,0xa,0xa,0x49,
  0x74,0x65,0x6d,0x20,0x7b,0xa,0x20,0x20,0x20,0x20,0x69,0x64,0x3a,0x20,0x72,0x6f,
  0x6f,0x74,0xa,0xa,0x20,0x20,0x20,0x20,0x72,0x65,0x71,0x75,0x69,0x72,0x65,0x64,
  0x20,0x70,0x72,0x6f,0x70,0x65,0x72,0x74,0x79,0x20,0x47,0x61,0x6d,0x65,0x45,0x6e,
  0x67,0x69,0x6e,0x65,0x20,0x67,0x61,0x6d,0x65,0xa,0xa,0x20,0x20,0x20,0x20,0x72,
  0x65,0x61,0x64,0x6f,0x6e,0x6c,0x79,0x20,0x70,0x72,0x6f,0x70,0x65,0x72,0x74,0x79,
  0x20,0x69,0x6e,0x74,0x20,0x63,0x6f,0x6c,0x75,0x6d,0x6e,0x73,0x3a,0x20,0x67,0x61,
  0x6d,0x65,0x2e,0x62,0x6f,0x61,0x72,0x64,0x2e,0x63,0x6f,0x6c,0x75,0x6d,0x6e,0x73,
  0xa,0x20,0x20,0x20,0x20,0x72,0x65,0x61,0x64,0x6f,0x6e,0x6c,0x79,0x20,0x70,0x72,
  0x6f,0x70,0x65,0x72,0x74,0x79,0x20,0x69,0x6e,0x74,0x20,0x72,0x6f,0x77,0x73,0x3a,
  0x20,0x67,0x61,0x6d,0x65,0x2e,0x62,0x6f,0x61,0x72,0x64,0x2e,0x72,0x6f,0x77,0x73,
  0xa,0x20,0x20,0x20,0x20,0x72,0x65,0x61,0x64,0x6f,0x6e,0x6c,0x79,0x20,0x70,0x72,
  0x6f,0x70,0x65,0x72,0x74,0x79,0x20,0x72,0x65,0x61,0x6c,0x20,0x63,0x65,0x6c,0x6c,
  0x53,0x69,0x7a,0x65,0x3a,0x20,0x4d,0x61,0x74,0x68,0x2e,0x6d,0x69,0x6e,0x28,0x77,
  0x69,0x64,0x74,0x68,0x20,0x2f,0x20,0x4d,0x61,0x74,0x68,0x2e,0x6d,0x61,0x78,0x28,
  0x63,0x6f,0x6c,0x75,0x6d,0x6e,0x73,0x2c,0x20,0x31,0x29,0x2c,0xa,0x20,0x20,0x20,
  0x20,0x20,0x20,0x20,0x20,0x20,0x20,0x20,0x20,0x20,0x20,0x20,0x20,0x20,0x20,0x20,
  0x20,0x20,0x20,0x20,0x20,0x20,0x20,0x20,0x20,0x20,0x20,0x20,0x20,0x20,0x20,0x20,
  0x20,0x20,0x20,0x20,0x20,0x20,0x20,0x20,0x20,0x20,0x20,0x68,0x65,0x69,0x67,0x68,
  0x74,0x20,0x2f,0x20,0x4d,0x61,0x74,0x68,0x2e,0x6d,0x61,0x78,0x28,0x72,0x6f,0x77,
  0x73,0x2c,0x20,0x31,0x29,0x29,0xa,0xa,0x20,0x20,0x20,0x20,0x70,0x72,0x6f,0x70,
  0x65,0x72,0x74,0x79,0x20,0x69,0x6e,0x74,0x20,0x77,0x61,0x76,0x65,0x43,0x75,0x72,
  0x73,0x6f,0x72,0x3a,0x20,0x30,0xa,0xa,0x20,0x20,0x20,0x20,0x49,0x74,0x65,0x6d,
  0x20,0x7b,0xa,0x20,0x20,0x20,0x20,0x20,0x20,0x20,0x20,0x69,0x64,0x3a,0x20,0x67,
  0x72,0x69,0x64,0xa,0xa,0x20,0x20,0x20,0x20,0x20,0x20,0x20,0x20,0x61,0x6e,0x63,
  0x68,0x6f,0x72,0x73,0x2e,0x63,0x65,0x6e,0x74,0x65,0x72,0x49,0x6e,0x3a,0x20,0x70,
  0x61,0x72,0x65,0x6e,0x74,0xa,0x20,0x20,0x20,0x20,0x20,0x20,0x20,0x20,0x77,0x69,
  0x64,0x74,0x68,0x3a,0x20,0x72,0x6f,0x6f,0x74,0x2e,0x63,0x65,0x6c,0x6c,0x53,0x69,
  0x7a,0x65,0x20,0x2a,0x20,0x72,0x6f,0x6f,0x74,0x2e,0x63,0x6f,0x6c,0x75,0x6d,0x6e,
  0x73,0xa,0x20,0x20,0x20,0x20,0x20,0x20,0x20,0x20,0x68,0x65,0x69,0x67,0x68,0x74,
  0x3a,0x20,0x72,0x6f,0x6f,0x74,0x2e,0x63,0x65,0x6c,0x6c,0x53,0x69,0x7a,0x65,0x20,
  0x2a,0x20,0x72,0x6f,0x6f,0x74,0x2e,0x72,0x6f,0x77,0x73,0xa,0xa,0x20,0x20,0x20,
  0x20,0x20,0x20,0x20,0x20,0x52,0x65,0x63,0x74,0x61,0x6e,0x67,0x6c,0x65,0x20,0x7b,
  0xa,0x20,0x20,0x20,0x20,0x20,0x20,0x20,0x20,0x20,0x20,0x20,0x20,0x61,0x6e,0x63,
  0x68,0x6f,0x72,0x73,0x2e,0x66,0x69,0x6c,0x6c,0x3a,0x20,0x70,0x61,0x72,0x65,0x6e,
  0x74,0xa,0x20,0x20,0x20,0x20,0x20,0x20,0x20,0x20,0x20,0x20,0x20,0x20,0x61,0x6e,
  0x63,0x68,0x6f,0x72,0x73,0x2e,0x6d,0x61,0x72,0x67,0x69,0x6e,0x73,0x3a,0x20,0x2d,
  0x72,0x6f,0x6f,0x74,0x2e,0x63,0x65,0x6c,0x6c,0x53,0x69,0x7a,0x65,0x20,0x2a,0x20,
  0x30,0x2e,0x31,0x34,0xa,0x20,0x20,0x20,0x20,0x20,0x20,0x20,0x20,0x20,0x20,0x20,
  0x20,0x72,0x61,0x64,0x69,0x75,0x73,0x3a,0x20,0x72,0x6f,0x6f,0x74,0x2e,0x63,0x65,
  0x6c,0x6c,0x53,0x69,0x7a,0x65,0x20,0x2a,0x20,0x30,0x2e,0x34,0xa,0x20,0x20,0x20,
  0x20,0x20,0x20,0x20,0x20,0x20,0x20,0x20,0x20,0x63,0x6f,0x6c,0x6f,0x72,0x3a,0x20,
  0x22,0x23,0x32,0x31,0x30,0x30,0x30,0x30,0x30,0x30,0x22,0xa,0x20,0x20,0x20,0x20,
  0x20,0x20,0x20,0x20,0x20,0x20,0x20,0x20,0x62,0x6f,0x72,0x64,0x65,0x72,0x2e,0x77,
  0x69,0x64,0x74,0x68,0x3a,0x20,0x32,0xa,0x20,0x20,0x20,0x20,0x20,0x20,0x20,0x20,
  0x20,0x20,0x20,0x20,0x62,0x6f,0x72,0x64,0x65,0x72,0x2e,0x63,0x6f,0x6c,0x6f,0x72,
  0x3a,0x20,0x22,0x23,0x31,0x63,0x66,0x66,0x65,0x30,0x62,0x30,0x22,0xa,0x20,0x20,
  0x20,0x20,0x20,0x20,0x20,0x20,0x7d,0xa,0xa,0x20,0x20,0x20,0x20,0x20,0x20,0x20,
  0x20,0x52,0x65,0x70,0x65,0x61,0x74,0x65,0x72,0x20,0x7b,0xa,0x20,0x20,0x20,0x20,
  0x20,0x20,0x20,0x20,0x20,0x20,0x20,0x20,0x6d,0x6f,0x64,0x65,0x6c,0x3a,0x20,0x72,
  0x6f,0x6f,0x74,0x2e,0x67,0x61,0x6d,0x65,0x2e,0x62,0x6f,0x61,0x72,0x64,0xa,0xa,
  0x20,0x20,0x20,0x20,0x20,0x20,0x20,0x20,0x20,0x20,0x20,0x20,0x64,0x65,0x6c,0x65,
  0x67,0x61,0x74,0x65,0x3a,0x20,0x43,0x72,0x65,0x61,0x74,0x75,0x72,0x65,0x43,0x65,
  0x6c,0x6c,0x20,0x7b,0xa,0x20,0x20,0x20,0x20,0x20,0x20,0x20,0x20,0x20,0x20,0x20,
  0x20,0x20,0x20,0x20,0x20,0x63,0x65,0x6c,0x6c,0x53,0x69,0x7a,0x65,0x3a,0x20,0x72,
  0x6f,0x6f,0x74,0x2e,0x63,0x65,0x6c,0x6c,0x53,0x69,0x7a,0x65,0xa,0x20,0x20,0x20,
  0x20,0x20,0x20,0x20,0x20,0x20,0x20,0x20,0x20,0x7d,0xa,0x20,0x20,0x20,0x20,0x20,
  0x20,0x20,0x20,0x7d,0xa,0xa,0x20,0x20,0x20,0x20,0x20,0x20,0x20,0x20,0x52,0x65,
  0x70,0x65,0x61,0x74,0x65,0x72,0x20,0x7b,0xa,0x20,0x20,0x20,0x20,0x20,0x20,0x20,
  0x20,0x20,0x20,0x20,0x20,0x6d,0x6f,0x64,0x65,0x6c,0x3a,0x20,0x72,0x6f,0x6f,0x74,
  0x2e,0x67,0x61,0x6d,0x65,0x2e,0x62,0x75,0x6c,0x6c,0x65,0x74,0x73,0xa,0xa,0x20,
  0x20,0x20,0x20,0x20,0x20,0x20,0x20,0x20,0x20,0x20,0x20,0x64,0x65,0x6c,0x65,0x67,
  0x61,0x74,0x65,0x3a,0x20,0x42,0x75,0x6c,0x6c,0x65,0x74,0x44,0x6f,0x74,0x20,0x7b,
  0xa,0x20,0x20,0x20,0x20,0x20,0x20,0x20,0x20,0x20,0x20,0x20,0x20,0x20,0x20,0x20,
  0x20,0x63,0x65,0x6c,0x6c,0x53,0x69,0x7a,0x65,0x3a,0x20,0x72,0x6f,0x6f,0x74,0x2e,
  0x63,0x65,0x6c,0x6c,0x53,0x69,0x7a,0x65,0xa,0x20,0x20,0x20,0x20,0x20,0x20,0x20,
  0x20,0x20,0x20,0x20,0x20,0x7d,0xa,0x20,0x20,0x20,0x20,0x20,0x20,0x20,0x20,0x7d,
  0xa,0xa,0x20,0x20,0x20,0x20,0x20,0x20,0x20,0x20,0x52,0x65,0x70,0x65,0x61,0x74,
  0x65,0x72,0x20,0x7b,0xa,0x20,0x20,0x20,0x20,0x20,0x20,0x20,0x20,0x20,0x20,0x20,
  0x20,0x69,0x64,0x3a,0x20,0x73,0x68,0x6f,0x63,0x6b,0x77,0x61,0x76,0x65,0x73,0xa,
  0xa,0x20,0x20,0x20,0x20,0x20,0x20,0x20,0x20,0x20,0x20,0x20,0x20,0x6d,0x6f,0x64,
  0x65,0x6c,0x3a,0x20,0x31,0x36,0xa,0xa,0x20,0x20,0x20,0x20,0x20,0x20,0x20,0x20,
  0x20,0x20,0x20,0x20,0x64,0x65,0x6c,0x65,0x67,0x61,0x74,0x65,0x3a,0x20,0x53,0x68,
  0x6f,0x63,0x6b,0x77,0x61,0x76,0x65,0x20,0x7b,0xa,0x20,0x20,0x20,0x20,0x20,0x20,
  0x20,0x20,0x20,0x20,0x20,0x20,0x20,0x20,0x20,0x20,0x72,0x69,0x6e,0x67,0x53,0x69,
  0x7a,0x65,0x3a,0x20,0x72,0x6f,0x6f,0x74,0x2e,0x63,0x65,0x6c,0x6c,0x53,0x69,0x7a,
  0x65,0x20,0x2a,0x20,0x30,0x2e,0x39,0x35,0xa,0x20,0x20,0x20,0x20,0x20,0x20,0x20,
  0x20,0x20,0x20,0x20,0x20,0x7d,0xa,0x20,0x20,0x20,0x20,0x20,0x20,0x20,0x20,0x7d,
  0xa,0xa,0x20,0x20,0x20,0x20,0x20,0x20,0x20,0x20,0x4d,0x6f,0x75,0x73,0x65,0x41,
  0x72,0x65,0x61,0x20,0x7b,0xa,0x20,0x20,0x20,0x20,0x20,0x20,0x20,0x20,0x20,0x20,
  0x20,0x20,0x61,0x6e,0x63,0x68,0x6f,0x72,0x73,0x2e,0x66,0x69,0x6c,0x6c,0x3a,0x20,
  0x70,0x61,0x72,0x65,0x6e,0x74,0xa,0x20,0x20,0x20,0x20,0x20,0x20,0x20,0x20,0x20,
  0x20,0x20,0x20,0x65,0x6e,0x61,0x62,0x6c,0x65,0x64,0x3a,0x20,0x72,0x6f,0x6f,0x74,
  0x2e,0x67,0x61,0x6d,0x65,0x2e,0x70,0x68,0x61,0x73,0x65,0x20,0x3d,0x3d,0x3d,0x20,
  0x47,0x61,0x6d,0x65,0x45,0x6e,0x67,0x69,0x6e,0x65,0x2e,0x49,0x64,0x6c,0x65,0x20,
  0x26,0x26,0x20,0x21,0x72,0x6f,0x6f,0x74,0x2e,0x67,0x61,0x6d,0x65,0x2e,0x70,0x61,
  0x75,0x73,0x65,0x64,0xa,0x20,0x20,0x20,0x20,0x20,0x20,0x20,0x20,0x20,0x20,0x20,
  0x20,0x6f,0x6e,0x43,0x6c,0x69,0x63,0x6b,0x65,0x64,0x3a,0x20,0x6d,0x6f,0x75,0x73,
  0x65,0x20,0x3d,0x3e,0x20,0x72,0x6f,0x6f,0x74,0x2e,0x67,0x61,0x6d,0x65,0x2e,0x74,
  0x61,0x70,0x28,0x4d,0x61,0x74,0x68,0x2e,0x66,0x6c,0x6f,0x6f,0x72,0x28,0x6d,0x6f,
  0x75,0x73,0x65,0x2e,0x79,0x20,0x2f,0x20,0x72,0x6f,0x6f,0x74,0x2e,0x63,0x65,0x6c,
  0x6c,0x53,0x69,0x7a,0x65,0x29,0x2c,0xa,0x20,0x20,0x20,0x20,0x20,0x20,0x20,0x20,
  0x20,0x20,0x20,0x20,0x20,0x20,0x20,0x20,0x20,0x20,0x20,0x20,0x20,0x20,0x20,0x20,
  0x20,0x20,0x20,0x20,0x20,0x20,0x20,0x20,0x20,0x20,0x20,0x20,0x20,0x20,0x20,0x20,
  0x20,0x20,0x20,0x20,0x20,0x20,0x4d,0x61,0x74,0x68,0x2e,0x66,0x6c,0x6f,0x6f,0x72,
  0x28,0x6d,0x6f,0x75,0x73,0x65,0x2e,0x78,0x20,0x2f,0x20,0x72,0x6f,0x6f,0x74,0x2e,
  0x63,0x65,0x6c,0x6c,0x53,0x69,0x7a,0x65,0x29,0x29,0xa,0x20,0x20,0x20,0x20,0x20,
  0x20,0x20,0x20,0x7d,0xa,0x20,0x20,0x20,0x20,0x7d,0xa,0xa,0x20,0x20,0x20,0x20,
  0x43,0x6f,0x6e,0x6e,0x65,0x63,0x74,0x69,0x6f,0x6e,0x73,0x20,0x7b,0xa,0x20,0x20,
  0x20,0x20,0x20,0x20,0x20,0x20,0x74,0x61,0x72,0x67,0x65,0x74,0x3a,0x20,0x72,0x6f,
  0x6f,0x74,0x2e,0x67,0x61,0x6d,0x65,0xa,0xa,0x20,0x20,0x20,0x20,0x20,0x20,0x20,
  0x20,0x66,0x75,0x6e,0x63,0x74,0x69,0x6f,0x6e,0x20,0x6f,0x6e,0x50,0x6f,0x70,0x70,
  0x65,0x64,0x28,0x72,0x6f,0x77,0x2c,0x20,0x63,0x6f,0x6c,0x75,0x6d,0x6e,0x2c,0x20,
  0x74,0x69,0x65,0x72,0x29,0x20,0x7b,0xa,0x20,0x20,0x20,0x20,0x20,0x20,0x20,0x20,
  0x20,0x20,0x20,0x20,0x63,0x6f,0x6e,0x73,0x74,0x20,0x77,0x61,0x76,0x65,0x20,0x3d,
  0x20,0x73,0x68,0x6f,0x63,0x6b,0x77,0x61,0x76,0x65,0x73,0x2e,0x69,0x74,0x65,0x6d,
  0x41,0x74,0x28,0x72,0x6f,0x6f,0x74,0x2e,0x77,0x61,0x76,0x65,0x43,0x75,0x72,0x73,
  0x6f,0x72,0x29,0x3b,0xa,0x20,0x20,0x20,0x20,0x20,0x20,0x20,0x20,0x20,0x20,0x20,
  0x20,0x72,0x6f,0x6f,0x74,0x2e,0x77,0x61,0x76,0x65,0x43,0x75,0x72,0x73,0x6f,0x72,
  0x20,0x3d,0x20,0x28,0x72,0x6f,0x6f,0x74,0x2e,0x77,0x61,0x76,0x65,0x43,0x75,0x72,
  0x73,0x6f,0x72,0x20,0x2b,0x20,0x31,0x29,0x20,0x25,0x20,0x73,0x68,0x6f,0x63,0x6b,
  0x77,0x61,0x76,0x65,0x73,0x2e,0x63,0x6f,0x75,0x6e,0x74,0x3b,0xa,0x20,0x20,0x20,
  0x20,0x20,0x20,0x20,0x20,0x20,0x20,0x20,0x20,0x69,0x66,0x20,0x28,0x77,0x61,0x76,
  0x65,0x29,0x20,0x7b,0xa,0x20,0x20,0x20,0x20,0x20,0x20,0x20,0x20,0x20,0x20,0x20,
  0x20,0x20,0x20,0x20,0x20,0x77,0x61,0x76,0x65,0x2e,0x62,0x75,0x72,0x73,0x74,0x28,
  0x28,0x63,0x6f,0x6c,0x75,0x6d,0x6e,0x20,0x2b,0x20,0x30,0x2e,0x35,0x29,0x20,0x2a,
  0x20,0x72,0x6f,0x6f,0x74,0x2e,0x63,0x65,0x6c,0x6c,0x53,0x69,0x7a,0x65,0x2c,0xa,
  0x20,0x20,0x20,0x20,0x20,0x20,0x20,0x20,0x20,0x20,0x20,0x20,0x20,0x20,0x20,0x20,
  0x20,0x20,0x20,0x20,0x20,0x20,0x20,0x20,0x20,0x20,0x20,0x28,0x72,0x6f,0x77,0x20,
  0x2b,0x20,0x30,0x2e,0x35,0x29,0x20,0x2a,0x20,0x72,0x6f,0x6f,0x74,0x2e,0x63,0x65,
  0x6c,0x6c,0x53,0x69,0x7a,0x65,0x2c,0xa,0x20,0x20,0x20,0x20,0x20,0x20,0x20,0x20,
  0x20,0x20,0x20,0x20,0x20,0x20,0x20,0x20,0x20,0x20,0x20,0x20,0x20,0x20,0x20,0x20,
  0x20,0x20,0x20,0x54,0x68,0x65,0x6d,0x65,0x2e,0x74,0x69,0x65,0x72,0x43,0x6f,0x6c,
  0x6f,0x72,0x5b,0x74,0x69,0x65,0x72,0x5d,0x29,0x3b,0xa,0x20,0x20,0x20,0x20,0x20,
  0x20,0x20,0x20,0x20,0x20,0x20,0x20,0x7d,0xa,0x20,0x20,0x20,0x20,0x20,0x20,0x20,
  0x20,0x7d,0xa,0x20,0x20,0x20,0x20,0x7d,0xa,0x7d,0xa,
    // Shockwave.qml
  0x0,0x0,0x4,0x8f,
  0x69,
  0x6d,0x70,0x6f,0x72,0x74,0x20,0x51,0x74,0x51,0x75,0x69,0x63,0x6b,0xa,0xa,0x49,
  0x74,0x65,0x6d,0x20,0x7b,0xa,0x20,0x20,0x20,0x20,0x69,0x64,0x3a,0x20,0x77,0x61,
  0x76,0x65,0xa,0xa,0x20,0x20,0x20,0x20,0x70,0x72,0x6f,0x70,0x65,0x72,0x74,0x79,
  0x20,0x72,0x65,0x61,0x6c,0x20,0x72,0x69,0x6e,0x67,0x53,0x69,0x7a,0x65,0x3a,0x20,
  0x34,0x30,0xa,0xa,0x20,0x20,0x20,0x20,0x77,0x69,0x64,0x74,0x68,0x3a,0x20,0x72,
  0x69,0x6e,0x67,0x53,0x69,0x7a,0x65,0xa,0x20,0x20,0x20,0x20,0x68,0x65,0x69,0x67,
  0x68,0x74,0x3a,0x20,0x72,0x69,0x6e,0x67,0x53,0x69,0x7a,0x65,0xa,0x20,0x20,0x20,
  0x20,0x76,0x69,0x73,0x69,0x62,0x6c,0x65,0x3a,0x20,0x66,0x61,0x6c,0x73,0x65,0xa,
  0x20,0x20,0x20,0x20,0x73,0x63,0x61,0x6c,0x65,0x3a,0x20,0x30,0x2e,0x33,0x35,0xa,
  0x20,0x20,0x20,0x20,0x6f,0x70,0x61,0x63,0x69,0x74,0x79,0x3a,0x20,0x30,0xa,0x20,
  0x20,0x20,0x20,0x41,0x63,0x63,0x65,0x73,0x73,0x69,0x62,0x6c,0x65,0x2e,0x69,0x67,
  0x6e,0x6f,0x72,0x65,0x64,0x3a,0x20,0x74,0x72,0x75,0x65,0xa,0xa,0x20,0x20,0x20,
  0x20,0x66,0x75,0x6e,0x63,0x74,0x69,0x6f,0x6e,0x20,0x62,0x75,0x72,0x73,0x74,0x28,
  0x63,0x65,0x6e,0x74,0x72,0x65,0x58,0x2c,0x20,0x63,0x65,0x6e,0x74,0x72,0x65,0x59,
  0x2c,0x20,0x74,0x69,0x6e,0x74,0x29,0x20,0x7b,0xa,0x20,0x20,0x20,0x20,0x20,0x20,
  0x20,0x20,0x77,0x61,0x76,0x65,0x2e,0x78,0x20,0x3d,0x20,0x63,0x65,0x6e,0x74,0x72,
  0x65,0x58,0x20,0x2d,0x20,0x77,0x61,0x76,0x65,0x2e,0x77,0x69,0x64,0x74,0x68,0x20,
  0x2f,0x20,0x32,0x3b,0xa,0x20,0x20,0x20,0x20,0x20,0x20,0x20,0x20,0x77,0x61,0x76,
  0x65,0x2e,0x79,0x20,0x3d,0x20,0x63,0x65,0x6e,0x74,0x72,0x65,0x59,0x20,0x2d,0x20,
  0x77,0x61,0x76,0x65,0x2e,0x68,0x65,0x69,0x67,0x68,0x74,0x20,0x2f,0x20,0x32,0x3b,
  0xa,0x20,0x20,0x20,0x20,0x20,0x20,0x20,0x20,0x72,0x69,0x6e,0x67,0x2e,0x62,0x6f,
  0x72,0x64,0x65,0x72,0x2e,0x63,0x6f,0x6c,0x6f,0x72,0x20,0x3d,0x20,0x74,0x69,0x6e,
  0x74,0x3b,0xa,0x20,0x20,0x20,0x20,0x20,0x20,0x20,0x20,0x61,0x6e,0x69,0x6d,0x2e,
  0x72,0x65,0x73,0x74,0x61,0x72,0x74,0x28,0x29,0x3b,0xa,0x20,0x20,0x20,0x20,0x7d,
  0xa,0xa,0x20,0x20,0x20,0x20,0x52,0x65,0x63,0x74,0x61,0x6e,0x67,0x6c,0x65,0x20,
  0x7b,0xa,0x20,0x20,0x20,0x20,0x20,0x20,0x20,0x20,0x69,0x64,0x3a,0x20,0x72,0x69,
  0x6e,0x67,0xa,0xa,0x20,0x20,0x20,0x20,0x20,0x20,0x20,0x20,0x61,0x6e,0x63,0x68,
  0x6f,0x72,0x73,0x2e,0x66,0x69,0x6c,0x6c,0x3a,0x20,0x70,0x61,0x72,0x65,0x6e,0x74,
  0xa,0x20,0x20,0x20,0x20,0x20,0x20,0x20,0x20,0x72,0x61,0x64,0x69,0x75,0x73,0x3a,
  0x20,0x77,0x69,0x64,0x74,0x68,0x20,0x2f,0x20,0x32,0xa,0x20,0x20,0x20,0x20,0x20,
  0x20,0x20,0x20,0x63,0x6f,0x6c,0x6f,0x72,0x3a,0x20,0x22,0x74,0x72,0x61,0x6e,0x73,
  0x70,0x61,0x72,0x65,0x6e,0x74,0x22,0xa,0x20,0x20,0x20,0x20,0x20,0x20,0x20,0x20,
  0x62,0x6f,0x72,0x64,0x65,0x72,0x2e,0x77,0x69,0x64,0x74,0x68,0x3a,0x20,0x4d,0x61,
  0x74,0x68,0x2e,0x6d,0x61,0x78,0x28,0x32,0x2c,0x20,0x77,0x69,0x64,0x74,0x68,0x20,
  0x2a,0x20,0x30,0x2e,0x31,0x32,0x29,0xa,0x20,0x20,0x20,0x20,0x7d,0xa,0xa,0x20,
  0x20,0x20,0x20,0x50,0x61,0x72,0x61,0x6c,0x6c,0x65,0x6c,0x41,0x6e,0x69,0x6d,0x61,
  0x74,0x69,0x6f,0x6e,0x20,0x7b,0xa,0x20,0x20,0x20,0x20,0x20,0x20,0x20,0x20,0x69,
  0x64,0x3a,0x20,0x61,0x6e,0x69,0x6d,0xa,0xa,0x20,0x20,0x20,0x20,0x20,0x20,0x20,
  0x20,0x2f,0x2f,0x20,0x41,0x6e,0x69,0x6d,0x61,0x74,0x6f,0x72,0x73,0x20,0x6b,0x65,
  0x65,0x70,0x20,0x74,0x68,0x65,0x20,0x51,0x4d,0x4c,0x2d,0x73,0x69,0x64,0x65,0x20,
  0x76,0x61,0x6c,0x75,0x65,0x20,0x73,0x74,0x61,0x6c,0x65,0x20,0x77,0x68,0x69,0x6c,
  0x65,0x20,0x72,0x75,0x6e,0x6e,0x69,0x6e,0x67,0x2c,0x20,0x73,0x6f,0x20,0x76,0x69,
  0x73,0x69,0x62,0x69,0x6c,0x69,0x74,0x79,0xa,0x20,0x20,0x20,0x20,0x20,0x20,0x20,
  0x20,0x2f,0x2f,0x20,0x69,0x73,0x20,0x73,0x77,0x69,0x74,0x63,0x68,0x65,0x64,0x20,
  0x68,0x65,0x72,0x65,0x20,0x72,0x61,0x74,0x68,0x65,0x72,0x20,0x74,0x68,0x61,0x6e,
  0x20,0x62,0x6f,0x75,0x6e,0x64,0x20,0x74,0x6f,0x20,0x6f,0x70,0x61,0x63,0x69,0x74,
  0x79,0x2e,0xa,0x20,0x20,0x20,0x20,0x20,0x20,0x20,0x20,0x6f,0x6e,0x53,0x74,0x61,
  0x72,0x74,0x65,0x64,0x3a,0x20,0x77,0x61,0x76,0x65,0x2e,0x76,0x69,0x73,0x69,0x62,
  0x6c,0x65,0x20,0x3d,0x20,0x74,0x72,0x75,0x65,0xa,0x20,0x20,0x20,0x20,0x20,0x20,
  0x20,0x20,0x6f,0x6e,0x46,0x69,0x6e,0x69,0x73,0x68,0x65,0x64,0x3a,0x20,0x77,0x61,
  0x76,0x65,0x2e,0x76,0x69,0x73,0x69,0x62,0x6c,0x65,0x20,0x3d,0x20,0x66,0x61,0x6c,
  0x73,0x65,0xa,0xa,0x20,0x20,0x20,0x20,0x20,0x20,0x20,0x20,0x53,0x63,0x61,0x6c,
  0x65,0x41,0x6e,0x69,0x6d,0x61,0x74,0x6f,0x72,0x20,0x7b,0xa,0x20,0x20,0x20,0x20,
  0x20,0x20,0x20,0x20,0x20,0x20,0x20,0x20,0x74,0x61,0x72,0x67,0x65,0x74,0x3a,0x20,
  0x77,0x61,0x76,0x65,0xa,0x20,0x20,0x20,0x20,0x20,0x20,0x20,0x20,0x20,0x20,0x20,
  0x20,0x66,0x72,0x6f,0x6d,0x3a,0x20,0x30,0x2e,0x33,0x35,0xa,0x20,0x20,0x20,0x20,
  0x20,0x20,0x20,0x20,0x20,0x20,0x20,0x20,0x74,0x6f,0x3a,0x20,0x31,0x2e,0x39,0x35,
  0xa,0x20,0x20,0x20,0x20,0x20,0x20,0x20,0x20,0x20,0x20,0x20,0x20,0x64,0x75,0x72,
  0x61,0x74,0x69,0x6f,0x6e,0x3a,0x20,0x33,0x36,0x30,0xa,0x20,0x20,0x20,0x20,0x20,
  0x20,0x20,0x20,0x20,0x20,0x20,0x20,0x65,0x61,0x73,0x69,0x6e,0x67,0x2e,0x74,0x79,
  0x70,0x65,0x3a,0x20,0x45,0x61,0x73,0x69,0x6e,0x67,0x2e,0x4f,0x75,0x74,0x51,0x75,
  0x61,0x64,0xa,0x20,0x20,0x20,0x20,0x20,0x20,0x20,0x20,0x7d,0xa,0x20,0x20,0x20,
  0x20,0x20,0x20,0x20,0x20,0x4f,0x70,0x61,0x63,0x69,0x74,0x79,0x41,0x6e,0x69,0x6d,
  0x61,0x74,0x6f,0x72,0x20,0x7b,0xa,0x20,0x20,0x20,0x20,0x20,0x20,0x20,0x20,0x20,
  0x20,0x20,0x20,0x74,0x61,0x72,0x67,0x65,0x74,0x3a,0x20,0x77,0x61,0x76,0x65,0xa,
  0x20,0x20,0x20,0x20,0x20,0x20,0x20,0x20,0x20,0x20,0x20,0x20,0x66,0x72,0x6f,0x6d,
  0x3a,0x20,0x30,0x2e,0x39,0xa,0x20,0x20,0x20,0x20,0x20,0x20,0x20,0x20,0x20,0x20,
  0x20,0x20,0x74,0x6f,0x3a,0x20,0x30,0x2e,0x30,0xa,0x20,0x20,0x20,0x20,0x20,0x20,
  0x20,0x20,0x20,0x20,0x20,0x20,0x64,0x75,0x72,0x61,0x74,0x69,0x6f,0x6e,0x3a,0x20,
  0x33,0x36,0x30,0xa,0x20,0x20,0x20,0x20,0x20,0x20,0x20,0x20,0x20,0x20,0x20,0x20,
  0x65,0x61,0x73,0x69,0x6e,0x67,0x2e,0x74,0x79,0x70,0x65,0x3a,0x20,0x45,0x61,0x73,
  0x69,0x6e,0x67,0x2e,0x4f,0x75,0x74,0x51,0x75,0x61,0x64,0xa,0x20,0x20,0x20,0x20,
  0x20,0x20,0x20,0x20,0x7d,0xa,0x20,0x20,0x20,0x20,0x7d,0xa,0x7d,0xa,
    // OverlayPanel.qml
  0x0,0x0,0x5,0xc8,
  0x69,
  0x6d,0x70,0x6f,0x72,0x74,0x20,0x51,0x74,0x51,0x75,0x69,0x63,0x6b,0xa,0xa,0x49,
  0x74,0x65,0x6d,0x20,0x7b,0xa,0x20,0x20,0x20,0x20,0x69,0x64,0x3a,0x20,0x6f,0x76,
  0x65,0x72,0x6c,0x61,0x79,0xa,0xa,0x20,0x20,0x20,0x20,0x70,0x72,0x6f,0x70,0x65,
  0x72,0x74,0x79,0x20,0x73,0x74,0x72,0x69,0x6e,0x67,0x20,0x74,0x69,0x74,0x6c,0x65,
  0x3a,0x20,0x22,0x22,0xa,0x20,0x20,0x20,0x20,0x70,0x72,0x6f,0x70,0x65,0x72,0x74,
  0x79,0x20,0x63,0x6f,0x6c,0x6f,0x72,0x20,0x74,0x69,0x74,0x6c,0x65,0x43,0x6f,0x6c,
  0x6f,0x72,0x3a,0x20,0x54,0x68,0x65,0x6d,0x65,0x2e,0x69,0x6e,0x6b,0xa,0x20,0x20,
  0x20,0x20,0x64,0x65,0x66,0x61,0x75,0x6c,0x74,0x20,0x70,0x72,0x6f,0x70,0x65,0x72,
  0x74,0x79,0x20,0x61,0x6c,0x69,0x61,0x73,0x20,0x63,0x6f,0x6e,0x74,0x65,0x6e,0x74,
  0x3a,0x20,0x63,0x6f,0x6c,0x75,0x6d,0x6e,0x2e,0x64,0x61,0x74,0x61,0xa,0xa,0x20,
  0x20,0x20,0x20,0x52,0x65,0x63,0x74,0x61,0x6e,0x67,0x6c,0x65,0x20,0x7b,0xa,0x20,
  0x20,0x20,0x20,0x20,0x20,0x20,0x20,0x61,0x6e,0x63,0x68,0x6f,0x72,0x73,0x2e,0x66,
  0x69,0x6c,0x6c,0x3a,0x20,0x70,0x61,0x72,0x65,0x6e,0x74,0xa,0x20,0x20,0x20,0x20,
  0x20,0x20,0x20,0x20,0x63,0x6f,0x6c,0x6f,0x72,0x3a,0x20,0x54,0x68,0x65,0x6d,0x65,
  0x2e,0x73,0x63,0x72,0x69,0x6d,0xa,0x20,0x20,0x20,0x20,0x7d,0xa,0xa,0x20,0x20,
  0x20,0x20,0x2f,0x2f,0x20,0x53,0x77,0x61,0x6c,0x6c,0x6f,0x77,0x73,0x20,0x74,0x61,
  0x70,0x73,0x20,0x73,0x6f,0x20,0x74,0x68,0x65,0x20,0x62,0x6f,0x61,0x72,0x64,0x20,
  0x75,0x6e,0x64,0x65,0x72,0x6e,0x65,0x61,0x74,0x68,0x20,0x73,0x74,0x61,0x79,0x73,
  0x20,0x75,0x6e,0x74,0x6f,0x75,0x63,0x68,0x65,0x64,0x2e,0xa,0x20,0x20,0x20,0x20,
  0x4d,0x6f,0x75,0x73,0x65,0x41,0x72,0x65,0x61,0x20,0x7b,0xa,0x20,0x20,0x20,0x20,
  0x20,0x20,0x20,0x20,0x61,0x6e,0x63,0x68,0x6f,0x72,0x73,0x2e,0x66,0x69,0x6c,0x6c,
  0x3a,0x20,0x70,0x61,0x72,0x65,0x6e,0x74,0xa,0x20,0x20,0x20,0x20,0x7d,0xa,0xa,
  0x20,0x20,0x20,0x20,0x52,0x65,0x63,0x74,0x61,0x6e,0x67,0x6c,0x65,0x20,0x7b,0xa,
  0x20,0x20,0x20,0x20,0x20,0x20,0x20,0x20,0x69,0x64,0x3a,0x20,0x70,0x61,0x6e,0x65,
  0x6c,0xa,0xa,0x20,0x20,0x20,0x20,0x20,0x20,0x20,0x20,0x61,0x6e,0x63,0x68,0x6f,
  0x72,0x73,0x2e,0x63,0x65,0x6e,0x74,0x65,0x72,0x49,0x6e,0x3a,0x20,0x70,0x61,0x72,
  0x65,0x6e,0x74,0xa,0x20,0x20,0x20,0x20,0x20,0x20,0x20,0x20,0x77,0x69,0x64,0x74,
  0x68,0x3a,0x20,0x4d,0x61,0x74,0x68,0x2e,0x6d,0x69,0x6e,0x28,0x6f,0x76,0x65,0x72,
  0x6c,0x61,0x79,0x2e,0x77,0x69,0x64,0x74,0x68,0x20,0x2a,0x20,0x30,0x2e,0x38,0x36,
  0x2c,0x20,0x33,0x38,0x30,0x29,0xa,0x20,0x20,0x20,0x20,0x20,0x20,0x20,0x20,0x68,
  0x65,0x69,0x67,0x68,0x74,0x3a,0x20,0x63,0x6f,0x6c,0x75,0x6d,0x6e,0x2e,0x69,0x6d,
  0x70,0x6c,0x69,0x63,0x69,0x74,0x48,0x65,0x69,0x67,0x68,0x74,0x20,0x2b,0x20,0x35,
  0x34,0xa,0x20,0x20,0x20,0x20,0x20,0x20,0x20,0x20,0x72,0x61,0x64,0x69,0x75,0x73,
  0x3a,0x20,0x32,0x34,0xa,0x20,0x20,0x20,0x20,0x20,0x20,0x20,0x20,0x63,0x6f,0x6c,
  0x6f,0x72,0x3a,0x20,0x54,0x68,0x65,0x6d,0x65,0x2e,0x70,0x61,0x6e,0x65,0x6c,0xa,
  0x20,0x20,0x20,0x20,0x20,0x20,0x20,0x20,0x62,0x6f,0x72,0x64,0x65,0x72,0x2e,0x77,
  0x69,0x64,0x74,0x68,0x3a,0x20,0x33,0xa,0x20,0x20,0x20,0x20,0x20,0x20,0x20,0x20,
  0x62,0x6f,0x72,0x64,0x65,0x72,0x2e,0x63,0x6f,0x6c,0x6f,0x72,0x3a,0x20,0x54,0x68,
  0x65,0x6d,0x65,0x2e,0x70,0x61,0x6e,0x65,0x6c,0x45,0x64,0x67,0x65,0xa,0x20,0x20,
  0x20,0x20,0x20,0x20,0x20,0x20,0x73,0x63,0x61,0x6c,0x65,0x3a,0x20,0x30,0x2e,0x38,
  0x32,0xa,0x20,0x20,0x20,0x20,0x20,0x20,0x20,0x20,0x6f,0x70,0x61,0x63,0x69,0x74,
  0x79,0x3a,0x20,0x30,0xa,0xa,0x20,0x20,0x20,0x20,0x20,0x20,0x20,0x20,0x43,0x6f,
  0x6c,0x75,0x6d,0x6e,0x20,0x7b,0xa,0x20,0x20,0x20,0x20,0x20,0x20,0x20,0x20,0x20,
  0x20,0x20,0x20,0x69,0x64,0x3a,0x20,0x63,0x6f,0x6c,0x75,0x6d,0x6e,0xa,0xa,0x20,
  0x20,0x20,0x20,0x20,0x20,0x20,0x20,0x20,0x20,0x20,0x20,0x61,0x6e,0x63,0x68,0x6f,
  0x72,0x73,0x2e,0x63,0x65,0x6e,0x74,0x65,0x72,0x49,0x6e,0x3a,0x20,0x70,0x61,0x72,
  0x65,0x6e,0x74,0xa,0x20,0x20,0x20,0x20,0x20,0x20,0x20,0x20,0x20,0x20,0x20,0x20,
  0x77,0x69,0x64,0x74,0x68,0x3a,0x20,0x70,0x61,0x72,0x65,0x6e,0x74,0x2e,0x77,0x69,
  0x64,0x74,0x68,0x20,0x2d,0x20,0x34,0x34,0xa,0x20,0x20,0x20,0x20,0x20,0x20,0x20,
  0x20,0x20,0x20,0x20,0x20,0x73,0x70,0x61,0x63,0x69,0x6e,0x67,0x3a,0x20,0x31,0x34,
  0xa,0xa,0x20,0x20,0x20,0x20,0x20,0x20,0x20,0x20,0x20,0x20,0x20,0x20,0x47,0x61,
  0x6d,0x65,0x4c,0x61,0x62,0x65,0x6c,0x20,0x7b,0xa,0x20,0x20,0x20,0x20,0x20,0x20,
  0x20,0x20,0x20,0x20,0x20,0x20,0x20,0x20,0x20,0x20,0x77,0x69,0x64,0x74,0x68,0x3a,
  0x20,0x70,0x61,0x72,0x65,0x6e,0x74,0x2e,0x77,0x69,0x64,0x74,0x68,0xa,0x20,0x20,
  0x20,0x20,0x20,0x20,0x20,0x20,0x20,0x20,0x20,0x20,0x20,0x20,0x20,0x20,0x74,0x65,
  0x78,0x74,0x3a,0x20,0x6f,0x76,0x65,0x72,0x6c,0x61,0x79,0x2e,0x74,0x69,0x74,0x6c,
  0x65,0xa,0x20,0x20,0x20,0x20,0x20,0x20,0x20,0x20,0x20,0x20,0x20,0x20,0x20,0x20,
  0x20,0x20,0x63,0x6f,0x6c,0x6f,0x72,0x3a,0x20,0x6f,0x76,0x65,0x72,0x6c,0x61,0x79,
  0x2e,0x74,0x69,0x74,0x6c,0x65,0x43,0x6f,0x6c,0x6f,0x72,0xa,0x20,0x20,0x20,0x20,
  0x20,0x20,0x20,0x20,0x20,0x20,0x20,0x20,0x20,0x20,0x20,0x20,0x66,0x6f,0x6e,0x74,
  0x2e,0x70,0x69,0x78,0x65,0x6c,0x53,0x69,0x7a,0x65,0x3a,0x20,0x32,0x37,0xa,0x20,
  0x20,0x20,0x20,0x20,0x20,0x20,0x20,0x20,0x20,0x20,0x20,0x20,0x20,0x20,0x20,0x68,
  0x6f,0x72,0x69,0x7a,0x6f,0x6e,0x74,0x61,0x6c,0x41,0x6c,0x69,0x67,0x6e,0x6d,0x65,
  0x6e,0x74,0x3a,0x20,0x54,0x65,0x78,0x74,0x2e,0x41,0x6c,0x69,0x67,0x6e,0x48,0x43,
  0x65,0x6e,0x74,0x65,0x72,0xa,0x20,0x20,0x20,0x20,0x20,0x20,0x20,0x20,0x20,0x20,
  0x20,0x20,0x7d,0xa,0x20,0x20,0x20,0x20,0x20,0x20,0x20,0x20,0x7d,0xa,0xa,0x20,
  0x20,0x20,0x20,0x20,0x20,0x20,0x20,0x50,0x61,0x72,0x61,0x6c,0x6c,0x65,0x6c,0x41,
  0x6e,0x69,0x6d,0x61,0x74,0x69,0x6f,0x6e,0x20,0x7b,0xa,0x20,0x20,0x20,0x20,0x20,
  0x20,0x20,0x20,0x20,0x20,0x20,0x20,0x72,0x75,0x6e,0x6e,0x69,0x6e,0x67,0x3a,0x20,
  0x74,0x72,0x75,0x65,0xa,0xa,0x20,0x20,0x20,0x20,0x20,0x20,0x20,0x20,0x20,0x20,
  0x20,0x20,0x53,0x63,0x61,0x6c,0x65,0x41,0x6e,0x69,0x6d,0x61,0x74,0x6f,0x72,0x20,
  0x7b,0xa,0x20,0x20,0x20,0x20,0x20,0x20,0x20,0x20,0x20,0x20,0x20,0x20,0x20,0x20,
  0x20,0x20,0x74,0x61,0x72,0x67,0x65,0x74,0x3a,0x20,0x70,0x61,0x6e,0x65,0x6c,0xa,
  0x20,0x20,0x20,0x20,0x20,0x20,0x20,0x20,0x20,0x20,0x20,0x20,0x20,0x20,0x20,0x20,
  0x66,0x72,0x6f,0x6d,0x3a,0x20,0x30,0x2e,0x38,0x32,0xa,0x20,0x20,0x20,0x20,0x20,
  0x20,0x20,0x20,0x20,0x20,0x20,0x20,0x20,0x20,0x20,0x20,0x74,0x6f,0x3a,0x20,0x31,
  0x2e,0x30,0xa,0x20,0x20,0x20,0x20,0x20,0x20,0x20,0x20,0x20,0x20,0x20,0x20,0x20,
  0x20,0x20,0x20,0x64,0x75,0x72,0x61,0x74,0x69,0x6f,0x6e,0x3a,0x20,0x32,0x34,0x30,
  0xa,0x20,0x20,0x20,0x20,0x20,0x20,0x20,0x20,0x20,0x20,0x20,0x20,0x20,0x20,0x20,
  0x20,0x65,0x61,0x73,0x69,0x6e,0x67,0x2e,0x74,0x79,0x70,0x65,0x3a,0x20,0x45,0x61,
  0x73,0x69,0x6e,0x67,0x2e,0x4f,0x75,0x74,0x42,0x61,0x63,0x6b,0xa,0x20,0x20,0x20,
  0x20,0x20,0x20,0x20,0x20,0x20,0x20,0x20,0x20,0x7d,0xa,0x20,0x20,0x20,0x20,0x20,
  0x20,0x20,0x20,0x20,0x20,0x20,0x20,0x4f,0x70,0x61,0x63,0x69,0x74,0x79,0x41,0x6e,
  0x69,0x6d,0x61,0x74,0x6f,0x72,0x20,0x7b,0xa,0x20,0x20,0x20,0x20,0x20,0x20,0x20,
  0x20,0x20,0x20,0x20,0x20,0x20,0x20,0x20,0x20,0x74,0x61,0x72,0x67,0x65,0x74,0x3a,
  0x20,0x70,0x61,0x6e,0x65,0x6c,0xa,0x20,0x20,0x20,0x20,0x20,0x20,0x20,0x20,0x20,
  0x20,0x20,0x20,0x20,0x20,0x20,0x20,0x66,0x72,0x6f,0x6d,0x3a,0x20,0x30,0x2e,0x30,
  0xa,0x20,0x20,0x20,0x20,0x20,0x20,0x20,0x20,0x20,0x20,0x20,0x20,0x20,0x20,0x20,
  0x20,0x74,0x6f,0x3a,0x20,0x31,0x2e,0x30,0xa,0x20,0x20,0x20,0x20,0x20,0x20,0x20,
  0x20,0x20,0x20,0x20,0x20,0x20,0x20,0x20,0x20,0x64,0x75,0x72,0x61,0x74,0x69,0x6f,
  0x6e,0x3a,0x20,0x31,0x39,0x30,0xa,0x20,0x20,0x20,0x20,0x20,0x20,0x20,0x20,0x20,
  0x20,0x20,0x20,0x7d,0xa,0x20,0x20,0x20,0x20,0x20,0x20,0x20,0x20,0x7d,0xa,0x20,
  0x20,0x20,0x20,0x7d,0xa,0x7d,0xa,
    // HudStat.qml
  0x0,0x0,0x1,0x6a,
  0x69,
  0x6d,0x70,0x6f,0x72,0x74,0x20,0x51,0x74,0x51,0x75,0x69,0x63,0x6b,0xa,0xa,0x52,
  0x6f,0x77,0x20,0x7b,0xa,0x20,0x20,0x20,0x20,0x69,0x64,0x3a,0x20,0x73,0x74,0x61,
  0x74,0xa,0xa,0x20,0x20,0x20,0x20,0x70,0x72,0x6f,0x70,0x65,0x72,0x74,0x79,0x20,
  0x61,0x6c,0x69,0x61,0x73,0x20,0x6c,0x61,0x62,0x65,0x6c,0x3a,0x20,0x6c,0x61,0x62,
  0x65,0x6c,0x54,0x65,0x78,0x74,0x2e,0x74,0x65,0x78,0x74,0xa,0x20,0x20,0x20,0x20,
  0x70,0x72,0x6f,0x70,0x65,0x72,0x74,0x79,0x20,0x61,0x6c,0x69,0x61,0x73,0x20,0x76,
  0x61,0x6c,0x75,0x65,0x3a,0x20,0x76,0x61,0x6c,0x75,0x65,0x54,0x65,0x78,0x74,0x2e,
  0x74,0x65,0x78,0x74,0xa,0x20,0x20,0x20,0x20,0x70,0x72,0x6f,0x70,0x65,0x72,0x74,
  0x79,0x20,0x69,0x6e,0x74,0x20,0x66,0x6f,0x6e,0x74,0x53,0x69,0x7a,0x65,0x3a,0x20,
  0x31,0x35,0xa,0xa,0x20,0x20,0x20,0x20,0x73,0x70,0x61,0x63,0x69,0x6e,0x67,0x3a,
  0x20,0x35,0xa,0xa,0x20,0x20,0x20,0x20,0x47,0x61,0x6d,0x65,0x4c,0x61,0x62,0x65,
  0x6c,0x20,0x7b,0xa,0x20,0x20,0x20,0x20,0x20,0x20,0x20,0x20,0x69,0x64,0x3a,0x20,
  0x6c,0x61,0x62,0x65,0x6c,0x54,0x65,0x78,0x74,0xa,0xa,0x20,0x20,0x20,0x20,0x20,
  0x20,0x20,0x20,0x63,0x6f,0x6c,0x6f,0x72,0x3a,0x20,0x54,0x68,0x65,0x6d,0x65,0x2e,
  0x69,0x6e,0x6b,0x44,0x69,0x6d,0xa,0x20,0x20,0x20,0x20,0x20,0x20,0x20,0x20,0x66,
  0x6f,0x6e,0x74,0x2e,0x70,0x69,0x78,0x65,0x6c,0x53,0x69,0x7a,0x65,0x3a,0x20,0x73,
  0x74,0x61,0x74,0x2e,0x66,0x6f,0x6e,0x74,0x53,0x69,0x7a,0x65,0xa,0x20,0x20,0x20,
  0x20,0x7d,0xa,0xa,0x20,0x20,0x20,0x20,0x47,0x61,0x6d,0x65,0x4c,0x61,0x62,0x65,
  0x6c,0x20,0x7b,0xa,0x20,0x20,0x20,0x20,0x20,0x20,0x20,0x20,0x69,0x64,0x3a,0x20,
  0x76,0x61,0x6c,0x75,0x65,0x54,0x65,0x78,0x74,0xa,0xa,0x20,0x20,0x20,0x20,0x20,
  0x20,0x20,0x20,0x66,0x6f,0x6e,0x74,0x2e,0x70,0x69,0x78,0x65,0x6c,0x53,0x69,0x7a,
  0x65,0x3a,0x20,0x73,0x74,0x61,0x74,0x2e,0x66,0x6f,0x6e,0x74,0x53,0x69,0x7a,0x65,
  0xa,0x20,0x20,0x20,0x20,0x7d,0xa,0x7d,0xa,
    // TopBar.qml
  0x0,0x0,0x4,0x49,
  0x69,
  0x6d,0x70,0x6f,0x72,0x74,0x20,0x51,0x74,0x51,0x75,0x69,0x63,0x6b,0xa,0x69,0x6d,
  0x70,0x6f,0x72,0x74,0x20,0x51,0x74,0x51,0x75,0x69,0x63,0x6b,0x2e,0x4c,0x61,0x79,
  0x6f,0x75,0x74,0x73,0xa,0xa,0x52,0x65,0x63,0x74,0x61,0x6e,0x67,0x6c,0x65,0x20,
  0x7b,0xa,0x20,0x20,0x20,0x20,0x69,0x64,0x3a,0x20,0x62,0x61,0x72,0xa,0xa,0x20,
  0x20,0x20,0x20,0x72,0x65,0x71,0x75,0x69,0x72,0x65,0x64,0x20,0x70,0x72,0x6f,0x70,
  0x65,0x72,0x74,0x79,0x20,0x47,0x61,0x6d,0x65,0x45,0x6e,0x67,0x69,0x6e,0x65,0x20,
  0x67,0x61,0x6d,0x65,0xa,0xa,0x20,0x20,0x20,0x20,0x73,0x69,0x67,0x6e,0x61,0x6c,
  0x20,0x70,0x61,0x75,0x73,0x65,0x52,0x65,0x71,0x75,0x65,0x73,0x74,0x65,0x64,0x28,
  0x29,0xa,0xa,0x20,0x20,0x20,0x20,0x69,0x6d,0x70,0x6c,0x69,0x63,0x69,0x74,0x48,
  0x65,0x69,0x67,0x68,0x74,0x3a,0x20,0x35,0x36,0xa,0x20,0x20,0x20,0x20,0x63,0x6f,
  0x6c,0x6f,0x72,0x3a,0x20,0x54,0x68,0x65,0x6d,0x65,0x2e,0x62,0x61,0x72,0xa,0xa,
  0x20,0x20,0x20,0x20,0x52,0x65,0x63,0x74,0x61,0x6e,0x67,0x6c,0x65,0x20,0x7b,0xa,
  0x20,0x20,0x20,0x20,0x20,0x20,0x20,0x20,0x61,0x6e,0x63,0x68,0x6f,0x72,0x73,0x2e,
  0x6c,0x65,0x66,0x74,0x3a,0x20,0x70,0x61,0x72,0x65,0x6e,0x74,0x2e,0x6c,0x65,0x66,
  0x74,0xa,0x20,0x20,0x20,0x20,0x20,0x20,0x20,0x20,0x61,0x6e,0x63,0x68,0x6f,0x72,
  0x73,0x2e,0x72,0x69,0x67,0x68,0x74,0x3a,0x20,0x70,0x61,0x72,0x65,0x6e,0x74,0x2e,
  0x72,0x69,0x67,0x68,0x74,0xa,0x20,0x20,0x20,0x20,0x20,0x20,0x20,0x20,0x61,0x6e,
  0x63,0x68,0x6f,0x72,0x73,0x2e,0x62,0x6f,0x74,0x74,0x6f,0x6d,0x3a,0x20,0x70,0x61,
  0x72,0x65,0x6e,0x74,0x2e,0x62,0x6f,0x74,0x74,0x6f,0x6d,0xa,0x20,0x20,0x20,0x20,
  0x20,0x20,0x20,0x20,0x68,0x65,0x69,0x67,0x68,0x74,0x3a,0x20,0x32,0xa,0x20,0x20,
  0x20,0x20,0x20,0x20,0x20,0x20,0x63,0x6f,0x6c,0x6f,0x72,0x3a,0x20,0x54,0x68,0x65,
  0x6d,0x65,0x2e,0x62,0x61,0x72,0x45,0x64,0x67,0x65,0xa,0x20,0x20,0x20,0x20,0x20,
  0x20,0x20,0x20,0x6f,0x70,0x61,0x63,0x69,0x74,0x79,0x3a,0x20,0x30,0x2e,0x35,0x35,
  0xa,0x20,0x20,0x20,0x20,0x7d,0xa,0xa,0x20,0x20,0x20,0x20,0x52,0x6f,0x77,0x4c,
  0x61,0x79,0x6f,0x75,0x74,0x20,0x7b,0xa,0x20,0x20,0x20,0x20,0x20,0x20,0x20,0x20,
  0x61,0x6e,0x63,0x68,0x6f,0x72,0x73,0x2e,0x66,0x69,0x6c,0x6c,0x3a,0x20,0x70,0x61,
  0x72,0x65,0x6e,0x74,0xa,0x20,0x20,0x20,0x20,0x20,0x20,0x20,0x20,0x61,0x6e,0x63,
  0x68,0x6f,0x72,0x73,0x2e,0x6c,0x65,0x66,0x74,0x4d,0x61,0x72,0x67,0x69,0x6e,0x3a,
  0x20,0x31,0x36,0xa,0x20,0x20,0x20,0x20,0x20,0x20,0x20,0x20,0x61,0x6e,0x63,0x68,
  0x6f,0x72,0x73,0x2e,0x72,0x69,0x67,0x68,0x74,0x4d,0x61,0x72,0x67,0x69,0x6e,0x3a,
  0x20,0x31,0x32,0xa,0x20,0x20,0x20,0x20,0x20,0x20,0x20,0x20,0x73,0x70,0x61,0x63,
  0x69,0x6e,0x67,0x3a,0x20,0x31,0x32,0xa,0xa,0x20,0x20,0x20,0x20,0x20,0x20,0x20,
  0x20,0x48,0x75,0x64,0x53,0x74,0x61,0x74,0x20,0x7b,0xa,0x20,0x20,0x20,0x20,0x20,
  0x20,0x20,0x20,0x20,0x20,0x20,0x20,0x4c,0x61,0x79,0x6f,0x75,0x74,0x2e,0x61,0x6c,
  0x69,0x67,0x6e,0x6d,0x65,0x6e,0x74,0x3a,0x20,0x51,0x74,0x2e,0x41,0x6c,0x69,0x67,
  0x6e,0x56,0x43,0x65,0x6e,0x74,0x65,0x72,0xa,0x20,0x20,0x20,0x20,0x20,0x20,0x20,
  0x20,0x20,0x20,0x20,0x20,0x6c,0x61,0x62,0x65,0x6c,0x3a,0x20,0x71,0x73,0x54,0x72,
  0x28,0x22,0x53,0x43,0x4f,0x52,0x45,0x3a,0x22,0x29,0xa,0x20,0x20,0x20,0x20,0x20,
  0x20,0x20,0x20,0x20,0x20,0x20,0x20,0x76,0x61,0x6c,0x75,0x65,0x3a,0x20,0x62,0x61,
  0x72,0x2e,0x67,0x61,0x6d,0x65,0x2e,0x73,0x63,0x6f,0x72,0x65,0xa,0x20,0x20,0x20,
  0x20,0x20,0x20,0x20,0x20,0x7d,0xa,0xa,0x20,0x20,0x20,0x20,0x20,0x20,0x20,0x20,
  0x49,0x74,0x65,0x6d,0x20,0x7b,0xa,0x20,0x20,0x20,0x20,0x20,0x20,0x20,0x20,0x20,
  0x20,0x20,0x20,0x4c,0x61,0x79,0x6f,0x75,0x74,0x2e,0x66,0x69,0x6c,0x6c,0x57,0x69,
  0x64,0x74,0x68,0x3a,0x20,0x74,0x72,0x75,0x65,0xa,0x20,0x20,0x20,0x20,0x20,0x20,
  0x20,0x20,0x7d,0xa,0xa,0x20,0x20,0x20,0x20,0x20,0x20,0x20,0x20,0x48,0x75,0x64,
  0x53,0x74,0x61,0x74,0x20,0x7b,0xa,0x20,0x20,0x20,0x20,0x20,0x20,0x20,0x20,0x20,
  0x20,0x20,0x20,0x4c,0x61,0x79,0x6f,0x75,0x74,0x2e,0x61,0x6c,0x69,0x67,0x6e,0x6d,
  0x65,0x6e,0x74,0x3a,0x20,0x51,0x74,0x2e,0x41,0x6c,0x69,0x67,0x6e,0x56,0x43,0x65,
  0x6e,0x74,0x65,0x72,0xa,0x20,0x20,0x20,0x20,0x20,0x20,0x20,0x20,0x20,0x20,0x20,
  0x20,0x6c,0x61,0x62,0x65,0x6c,0x3a,0x20,0x71,0x73,0x54,0x72,0x28,0x22,0x54,0x4f,
  0x55,0x43,0x48,0x45,0x53,0x20,0x4c,0x45,0x46,0x54,0x3a,0x22,0x29,0xa,0x20,0x20,
  0x20,0x20,0x20,0x20,0x20,0x20,0x20,0x20,0x20,0x20,0x76,0x61,0x6c,0x75,0x65,0x3a,
  0x20,0x62,0x61,0x72,0x2e,0x67,0x61,0x6d,0x65,0x2e,0x74,0x61,0x70,0x73,0x52,0x65,
  0x6d,0x61,0x69,0x6e,0x69,0x6e,0x67,0xa,0x20,0x20,0x20,0x20,0x20,0x20,0x20,0x20,
  0x7d,0xa,0xa,0x20,0x20,0x20,0x20,0x20,0x20,0x20,0x20,0x50,0x61,0x75,0x73,0x65,
  0x42,0x75,0x74,0x74,0x6f,0x6e,0x20,0x7b,0xa,0x20,0x20,0x20,0x20,0x20,0x20,0x20,
  0x20,0x20,0x20,0x20,0x20,0x4c,0x61,0x79,0x6f,0x75,0x74,0x2e,0x61,0x6c,0x69,0x67,
  0x6e,0x6d,0x65,0x6e,0x74,0x3a,0x20,0x51,0x74,0x2e,0x41,0x6c,0x69,0x67,0x6e,0x56,
  0x43,0x65,0x6e,0x74,0x65,0x72,0xa,0x20,0x20,0x20,0x20,0x20,0x20,0x20,0x20,0x20,
  0x20,0x20,0x20,0x76,0x69,0x73,0x69,0x62,0x6c,0x65,0x3a,0x20,0x62,0x61,0x72,0x2e,
  0x67,0x61,0x6d,0x65,0x2e,0x70,0x68,0x61,0x73,0x65,0x20,0x3d,0x3d,0x3d,0x20,0x47,
  0x61,0x6d,0x65,0x45,0x6e,0x67,0x69,0x6e,0x65,0x2e,0x49,0x64,0x6c,0x65,0x20,0x7c,
  0x7c,0x20,0x62,0x61,0x72,0x2e,0x67,0x61,0x6d,0x65,0x2e,0x70,0x68,0x61,0x73,0x65,
  0x20,0x3d,0x3d,0x3d,0x20,0x47,0x61,0x6d,0x65,0x45,0x6e,0x67,0x69,0x6e,0x65,0x2e,
  0x52,0x65,0x73,0x6f,0x6c,0x76,0x69,0x6e,0x67,0xa,0x20,0x20,0x20,0x20,0x20,0x20,
  0x20,0x20,0x20,0x20,0x20,0x20,0x6f,0x6e,0x43,0x6c,0x69,0x63,0x6b,0x65,0x64,0x3a,
  0x20,0x62,0x61,0x72,0x2e,0x70,0x61,0x75,0x73,0x65,0x52,0x65,0x71,0x75,0x65,0x73,
  0x74,0x65,0x64,0x28,0x29,0xa,0x20,0x20,0x20,0x20,0x20,0x20,0x20,0x20,0x7d,0xa,
  0x20,0x20,0x20,0x20,0x7d,0xa,0x7d,0xa,
    // PauseOverlay.qml
  0x0,0x0,0x3,0x3f,
  0x69,
  0x6d,0x70,0x6f,0x72,0x74,0x20,0x51,0x74,0x51,0x75,0x69,0x63,0x6b,0xa,0xa,0x4f,
  0x76,0x65,0x72,0x6c,0x61,0x79,0x50,0x61,0x6e,0x65,0x6c,0x20,0x7b,0xa,0x20,0x20,
  0x20,0x20,0x69,0x64,0x3a,0x20,0x6f,0x76,0x65,0x72,0x6c,0x61,0x79,0xa,0xa,0x20,
  0x20,0x20,0x20,0x72,0x65,0x71,0x75,0x69,0x72,0x65,0x64,0x20,0x70,0x72,0x6f,0x70,
  0x65,0x72,0x74,0x79,0x20,0x47,0x61,0x6d,0x65,0x45,0x6e,0x67,0x69,0x6e,0x65,0x20,
  0x67,0x61,0x6d,0x65,0xa,0xa,0x20,0x20,0x20,0x20,0x73,0x69,0x67,0x6e,0x61,0x6c,
  0x20,0x6c,0x65,0x76,0x65,0x6c,0x73,0x52,0x65,0x71,0x75,0x65,0x73,0x74,0x65,0x64,
  0x28,0x29,0xa,0xa,0x20,0x20,0x20,0x20,0x74,0x69,0x74,0x6c,0x65,0x3a,0x20,0x71,
  0x73,0x54,0x72,0x28,0x22,0x50,0x41,0x55,0x53,0x45,0x44,0x22,0x29,0xa,0xa,0x20,
  0x20,0x20,0x20,0x47,0x61,0x6d,0x65,0x4c,0x61,0x62,0x65,0x6c,0x20,0x7b,0xa,0x20,
  0x20,0x20,0x20,0x20,0x20,0x20,0x20,0x77,0x69,0x64,0x74,0x68,0x3a,0x20,0x70,0x61,
  0x72,0x65,0x6e,0x74,0x2e,0x77,0x69,0x64,0x74,0x68,0xa,0x20,0x20,0x20,0x20,0x20,
  0x20,0x20,0x20,0x68,0x6f,0x72,0x69,0x7a,0x6f,0x6e,0x74,0x61,0x6c,0x41,0x6c,0x69,
  0x67,0x6e,0x6d,0x65,0x6e,0x74,0x3a,0x20,0x54,0x65,0x78,0x74,0x2e,0x41,0x6c,0x69,
  0x67,0x6e,0x48,0x43,0x65,0x6e,0x74,0x65,0x72,0xa,0x20,0x20,0x20,0x20,0x20,0x20,
  0x20,0x20,0x66,0x6f,0x6e,0x74,0x2e,0x70,0x69,0x78,0x65,0x6c,0x53,0x69,0x7a,0x65,
  0x3a,0x20,0x31,0x35,0xa,0x20,0x20,0x20,0x20,0x20,0x20,0x20,0x20,0x63,0x6f,0x6c,
  0x6f,0x72,0x3a,0x20,0x54,0x68,0x65,0x6d,0x65,0x2e,0x69,0x6e,0x6b,0x44,0x69,0x6d,
  0xa,0x20,0x20,0x20,0x20,0x20,0x20,0x20,0x20,0x74,0x65,0x78,0x74,0x3a,0x20,0x71,
  0x73,0x54,0x72,0x28,0x22,0x4c,0x65,0x76,0x65,0x6c,0x20,0x25,0x31,0x20,0xe2,0x80,
  0x94,0x20,0x25,0x32,0x22,0x29,0x2e,0x61,0x72,0x67,0x28,0x6f,0x76,0x65,0x72,0x6c,
  0x61,0x79,0x2e,0x67,0x61,0x6d,0x65,0x2e,0x6c,0x65,0x76,0x65,0x6c,0x49,0x6e,0x64,
  0x65,0x78,0x20,0x2b,0x20,0x31,0x29,0x2e,0x61,0x72,0x67,0x28,0x6f,0x76,0x65,0x72,
  0x6c,0x61,0x79,0x2e,0x67,0x61,0x6d,0x65,0x2e,0x6c,0x65,0x76,0x65,0x6c,0x4e,0x61,
  0x6d,0x65,0x29,0xa,0x20,0x20,0x20,0x20,0x7d,0xa,0xa,0x20,0x20,0x20,0x20,0x50,
  0x6f,0x70,0x42,0x75,0x74,0x74,0x6f,0x6e,0x20,0x7b,0xa,0x20,0x20,0x20,0x20,0x20,
  0x20,0x20,0x20,0x77,0x69,0x64,0x74,0x68,0x3a,0x20,0x70,0x61,0x72,0x65,0x6e,0x74,
  0x2e,0x77,0x69,0x64,0x74,0x68,0xa,0x20,0x20,0x20,0x20,0x20,0x20,0x20,0x20,0x74,
  0x69,0x6e,0x74,0x3a,0x20,0x22,0x23,0x37,0x63,0x62,0x38,0x33,0x32,0x22,0xa,0x20,
  0x20,0x20,0x20,0x20,0x20,0x20,0x20,0x74,0x65,0x78,0x74,0x3a,0x20,0x71,0x73,0x54,
  0x72,0x28,0x22,0x52,0x45,0x53,0x55,0x4d,0x45,0x22,0x29,0xa,0x20,0x20,0x20,0x20,
  0x20,0x20,0x20,0x20,0x6f,0x6e,0x43,0x6c,0x69,0x63,0x6b,0x65,0x64,0x3a,0x20,0x6f,
  0x76,0x65,0x72,0x6c,0x61,0x79,0x2e,0x67,0x61,0x6d,0x65,0x2e,0x70,0x61,0x75,0x73,
  0x65,0x64,0x20,0x3d,0x20,0x66,0x61,0x6c,0x73,0x65,0xa,0x20,0x20,0x20,0x20,0x7d,
  0xa,0xa,0x20,0x20,0x20,0x20,0x50,0x6f,0x70,0x42,0x75,0x74,0x74,0x6f,0x6e,0x20,
  0x7b,0xa,0x20,0x20,0x20,0x20,0x20,0x20,0x20,0x20,0x77,0x69,0x64,0x74,0x68,0x3a,
  0x20,0x70,0x61,0x72,0x65,0x6e,0x74,0x2e,0x77,0x69,0x64,0x74,0x68,0xa,0x20,0x20,
  0x20,0x20,0x20,0x20,0x20,0x20,0x74,0x65,0x78,0x74,0x3a,0x20,0x71,0x73,0x54,0x72,
  0x28,0x22,0x52,0x45,0x53,0x54,0x41,0x52,0x54,0x20,0x4c,0x45,0x56,0x45,0x4c,0x22,
  0x29,0xa,0x20,0x20,0x20,0x20,0x20,0x20,0x20,0x20,0x6f,0x6e,0x43,0x6c,0x69,0x63,
  0x6b,0x65,0x64,0x3a,0x20,0x6f,0x76,0x65,0x72,0x6c,0x61,0x79,0x2e,0x67,0x61,0x6d,
  0x65,0x2e,0x72,0x65,0x73,0x74,0x61,0x72,0x74,0x4c,0x65,0x76,0x65,0x6c,0x28,0x29,
  0xa,0x20,0x20,0x20,0x20,0x7d,0xa,0xa,0x20,0x20,0x20,0x20,0x50,0x6f,0x70,0x42,
  0x75,0x74,0x74,0x6f,0x6e,0x20,0x7b,0xa,0x20,0x20,0x20,0x20,0x20,0x20,0x20,0x20,
  0x77,0x69,0x64,0x74,0x68,0x3a,0x20,0x70,0x61,0x72,0x65,0x6e,0x74,0x2e,0x77,0x69,
  0x64,0x74,0x68,0xa,0x20,0x20,0x20,0x20,0x20,0x20,0x20,0x20,0x74,0x69,0x6e,0x74,
  0x3a,0x20,0x22,0x23,0x39,0x36,0x36,0x39,0x33,0x63,0x22,0xa,0x20,0x20,0x20,0x20,
  0x20,0x20,0x20,0x20,0x74,0x65,0x78,0x74,0x3a,0x20,0x71,0x73,0x54,0x72,0x28,0x22,
  0x4c,0x45,0x56,0x45,0x4c,0x53,0x22,0x29,0xa,0x20,0x20,0x20,0x20,0x20,0x20,0x20,
  0x20,0x6f,0x6e,0x43,0x6c,0x69,0x63,0x6b,0x65,0x64,0x3a,0x20,0x6f,0x76,0x65,0x72,
  0x6c,0x61,0x79,0x2e,0x6c,0x65,0x76,0x65,0x6c,0x73,0x52,0x65,0x71,0x75,0x65,0x73,
  0x74,0x65,0x64,0x28,0x29,0xa,0x20,0x20,0x20,0x20,0x7d,0xa,0x7d,0xa,
    // BulletDot.qml
  0x0,0x0,0x6,0x54,
  0x69,
  0x6d,0x70,0x6f,0x72,0x74,0x20,0x51,0x74,0x51,0x75,0x69,0x63,0x6b,0xa,0xa,0x49,
  0x74,0x65,0x6d,0x20,0x7b,0xa,0x20,0x20,0x20,0x20,0x69,0x64,0x3a,0x20,0x64,0x6f,
  0x74,0xa,0xa,0x20,0x20,0x20,0x20,0x72,0x65,0x71,0x75,0x69,0x72,0x65,0x64,0x20,
  0x70,0x72,0x6f,0x70,0x65,0x72,0x74,0x79,0x20,0x72,0x65,0x61,0x6c,0x20,0x67,0x72,
  0x69,0x64,0x58,0xa,0x20,0x20,0x20,0x20,0x72,0x65,0x71,0x75,0x69,0x72,0x65,0x64,
  0x20,0x70,0x72,0x6f,0x70,0x65,0x72,0x74,0x79,0x20,0x72,0x65,0x61,0x6c,0x20,0x67,
  0x72,0x69,0x64,0x59,0xa,0x20,0x20,0x20,0x20,0x72,0x65,0x71,0x75,0x69,0x72,0x65,
  0x64,0x20,0x70,0x72,0x6f,0x70,0x65,0x72,0x74,0x79,0x20,0x69,0x6e,0x74,0x20,0x64,
  0x69,0x72,0x65,0x63,0x74,0x69,0x6f,0x6e,0x58,0xa,0x20,0x20,0x20,0x20,0x72,0x65,
  0x71,0x75,0x69,0x72,0x65,0x64,0x20,0x70,0x72,0x6f,0x70,0x65,0x72,0x74,0x79,0x20,
  0x69,0x6e,0x74,0x20,0x64,0x69,0x72,0x65,0x63,0x74,0x69,0x6f,0x6e,0x59,0xa,0xa,
  0x20,0x20,0x20,0x20,0x70,0x72,0x6f,0x70,0x65,0x72,0x74,0x79,0x20,0x72,0x65,0x61,
  0x6c,0x20,0x63,0x65,0x6c,0x6c,0x53,0x69,0x7a,0x65,0x3a,0x20,0x30,0xa,0xa,0x20,
  0x20,0x20,0x20,0x72,0x65,0x61,0x64,0x6f,0x6e,0x6c,0x79,0x20,0x70,0x72,0x6f,0x70,
  0x65,0x72,0x74,0x79,0x20,0x63,0x6f,0x6c,0x6f,0x72,0x20,0x74,0x69,0x6e,0x74,0x3a,
  0x20,0x54,0x68,0x65,0x6d,0x65,0x2e,0x74,0x69,0x65,0x72,0x43,0x6f,0x6c,0x6f,0x72,
  0x5b,0x34,0x5d,0xa,0x20,0x20,0x20,0x20,0x72,0x65,0x61,0x64,0x6f,0x6e,0x6c,0x79,
  0x20,0x70,0x72,0x6f,0x70,0x65,0x72,0x74,0x79,0x20,0x72,0x65,0x61,0x6c,0x20,0x64,
  0x6f,0x74,0x53,0x69,0x7a,0x65,0x3a,0x20,0x63,0x65,0x6c,0x6c,0x53,0x69,0x7a,0x65,
  0x20,0x2a,0x20,0x30,0x2e,0x32,0x34,0xa,0xa,0x20,0x20,0x20,0x20,0x77,0x69,0x64,
  0x74,0x68,0x3a,0x20,0x64,0x6f,0x74,0x53,0x69,0x7a,0x65,0xa,0x20,0x20,0x20,0x20,
  0x68,0x65,0x69,0x67,0x68,0x74,0x3a,0x20,0x64,0x6f,0x74,0x53,0x69,0x7a,0x65,0xa,
  0x20,0x20,0x20,0x20,0x78,0x3a,0x20,0x28,0x67,0x72,0x69,0x64,0x58,0x20,0x2b,0x20,
  0x30,0x2e,0x35,0x29,0x20,0x2a,0x20,0x63,0x65,0x6c,0x6c,0x53,0x69,0x7a,0x65,0x20,
  0x2d,0x20,0x77,0x69,0x64,0x74,0x68,0x20,0x2f,0x20,0x32,0xa,0x20,0x20,0x20,0x20,
  0x79,0x3a,0x20,0x28,0x67,0x72,0x69,0x64,0x59,0x20,0x2b,0x20,0x30,0x2e,0x35,0x29,
  0x20,0x2a,0x20,0x63,0x65,0x6c,0x6c,0x53,0x69,0x7a,0x65,0x20,0x2d,0x20,0x68,0x65,
  0x69,0x67,0x68,0x74,0x20,0x2f,0x20,0x32,0xa,0x20,0x20,0x20,0x20,0x41,0x63,0x63,
  0x65,0x73,0x73,0x69,0x62,0x6c,0x65,0x2e,0x69,0x67,0x6e,0x6f,0x72,0x65,0x64,0x3a,
  0x20,0x74,0x72,0x75,0x65,0xa,0xa,0x20,0x20,0x20,0x20,0x2f,0x2f,0x20,0x41,0x20,
  0x7a,0x65,0x72,0x6f,0x2d,0x73,0x69,0x7a,0x65,0x64,0x20,0x70,0x69,0x76,0x6f,0x74,
  0x3a,0x20,0x72,0x6f,0x74,0x61,0x74,0x69,0x6e,0x67,0x20,0x69,0x74,0x20,0x61,0x69,
  0x6d,0x73,0x20,0x74,0x68,0x65,0x20,0x74,0x72,0x61,0x69,0x6c,0x20,0x62,0x61,0x63,
  0x6b,0x77,0x61,0x72,0x64,0x73,0x20,0x61,0x6c,0x6f,0x6e,0x67,0x20,0x74,0x68,0x65,
  0xa,0x20,0x20,0x20,0x20,0x2f,0x2f,0x20,0x74,0x72,0x61,0x76,0x65,0x6c,0x20,0x64,
  0x69,0x72,0x65,0x63,0x74,0x69,0x6f,0x6e,0x20,0x77,0x69,0x74,0x68,0x6f,0x75,0x74,
  0x20,0x6e,0x65,0x65,0x64,0x69,0x6e,0x67,0x20,0x61,0x20,0x67,0x72,0x61,0x64,0x69,
  0x65,0x6e,0x74,0x20,0x70,0x65,0x72,0x20,0x64,0x69,0x72,0x65,0x63,0x74,0x69,0x6f,
  0x6e,0x2e,0xa,0x20,0x20,0x20,0x20,0x49,0x74,0x65,0x6d,0x20,0x7b,0xa,0x20,0x20,
  0x20,0x20,0x20,0x20,0x20,0x20,0x61,0x6e,0x63,0x68,0x6f,0x72,0x73,0x2e,0x63,0x65,
  0x6e,0x74,0x65,0x72,0x49,0x6e,0x3a,0x20,0x70,0x61,0x72,0x65,0x6e,0x74,0xa,0x20,
  0x20,0x20,0x20,0x20,0x20,0x20,0x20,0x72,0x6f,0x74,0x61,0x74,0x69,0x6f,0x6e,0x3a,
  0x20,0x64,0x6f,0x74,0x2e,0x64,0x69,0x72,0x65,0x63,0x74,0x69,0x6f,0x6e,0x58,0x20,
  0x21,0x3d,0x3d,0x20,0x30,0x20,0x3f,0x20,0x28,0x64,0x6f,0x74,0x2e,0x64,0x69,0x72,
  0x65,0x63,0x74,0x69,0x6f,0x6e,0x58,0x20,0x3e,0x20,0x30,0x20,0x3f,0x20,0x30,0x20,
  0x3a,0x20,0x31,0x38,0x30,0x29,0xa,0x20,0x20,0x20,0x20,0x20,0x20,0x20,0x20,0x20,
  0x20,0x20,0x20,0x20,0x20,0x20,0x20,0x20,0x20,0x20,0x20,0x20,0x20,0x20,0x20,0x20,
  0x20,0x20,0x20,0x20,0x20,0x20,0x20,0x20,0x20,0x20,0x20,0x20,0x20,0x20,0x3a,0x20,
  0x28,0x64,0x6f,0x74,0x2e,0x64,0x69,0x72,0x65,0x63,0x74,0x69,0x6f,0x6e,0x59,0x20,
  0x3e,0x20,0x30,0x20,0x3f,0x20,0x39,0x30,0x20,0x3a,0x20,0x32,0x37,0x30,0x29,0xa,
  0xa,0x20,0x20,0x20,0x20,0x20,0x20,0x20,0x20,0x52,0x65,0x63,0x74,0x61,0x6e,0x67,
  0x6c,0x65,0x20,0x7b,0xa,0x20,0x20,0x20,0x20,0x20,0x20,0x20,0x20,0x20,0x20,0x20,
  0x20,0x77,0x69,0x64,0x74,0x68,0x3a,0x20,0x64,0x6f,0x74,0x2e,0x63,0x65,0x6c,0x6c,
  0x53,0x69,0x7a,0x65,0x20,0x2a,0x20,0x30,0x2e,0x36,0x32,0xa,0x20,0x20,0x20,0x20,
  0x20,0x20,0x20,0x20,0x20,0x20,0x20,0x20,0x68,0x65,0x69,0x67,0x68,0x74,0x3a,0x20,
  0x64,0x6f,0x74,0x2e,0x64,0x6f,0x74,0x53,0x69,0x7a,0x65,0x20,0x2a,0x20,0x30,0x2e,
  0x36,0x32,0xa,0x20,0x20,0x20,0x20,0x20,0x20,0x20,0x20,0x20,0x20,0x20,0x20,0x78,
  0x3a,0x20,0x2d,0x77,0x69,0x64,0x74,0x68,0xa,0x20,0x20,0x20,0x20,0x20,0x20,0x20,
  0x20,0x20,0x20,0x20,0x20,0x79,0x3a,0x20,0x2d,0x68,0x65,0x69,0x67,0x68,0x74,0x20,
  0x2f,0x20,0x32,0xa,0x20,0x20,0x20,0x20,0x20,0x20,0x20,0x20,0x20,0x20,0x20,0x20,
  0x72,0x61,0x64,0x69,0x75,0x73,0x3a,0x20,0x68,0x65,0x69,0x67,0x68,0x74,0x20,0x2f,
  0x20,0x32,0xa,0x20,0x20,0x20,0x20,0x20,0x20,0x20,0x20,0x20,0x20,0x20,0x20,0x67,
  0x72,0x61,0x64,0x69,0x65,0x6e,0x74,0x3a,0x20,0x47,0x72,0x61,0x64,0x69,0x65,0x6e,
  0x74,0x20,0x7b,0xa,0x20,0x20,0x20,0x20,0x20,0x20,0x20,0x20,0x20,0x20,0x20,0x20,
  0x20,0x20,0x20,0x20,0x6f,0x72,0x69,0x65,0x6e,0x74,0x61,0x74,0x69,0x6f,0x6e,0x3a,
  0x20,0x47,0x72,0x61,0x64,0x69,0x65,0x6e,0x74,0x2e,0x48,0x6f,0x72,0x69,0x7a,0x6f,
  0x6e,0x74,0x61,0x6c,0xa,0x20,0x20,0x20,0x20,0x20,0x20,0x20,0x20,0x20,0x20,0x20,
  0x20,0x20,0x20,0x20,0x20,0x47,0x72,0x61,0x64,0x69,0x65,0x6e,0x74,0x53,0x74,0x6f,
  0x70,0x20,0x7b,0x20,0x70,0x6f,0x73,0x69,0x74,0x69,0x6f,0x6e,0x3a,0x20,0x30,0x2e,
  0x30,0x3b,0x20,0x63,0x6f,0x6c,0x6f,0x72,0x3a,0x20,0x22,0x23,0x30,0x30,0x65,0x32,
  0x34,0x30,0x32,0x66,0x22,0x20,0x7d,0xa,0x20,0x20,0x20,0x20,0x20,0x20,0x20,0x20,
  0x20,0x20,0x20,0x20,0x20,0x20,0x20,0x20,0x47,0x72,0x61,0x64,0x69,0x65,0x6e,0x74,
  0x53,0x74,0x6f,0x70,0x20,0x7b,0x20,0x70,0x6f,0x73,0x69,0x74,0x69,0x6f,0x6e,0x3a,
  0x20,0x31,0x2e,0x30,0x3b,0x20,0x63,0x6f,0x6c,0x6f,0x72,0x3a,0x20,0x22,0x23,0x39,
  0x36,0x65,0x32,0x34,0x30,0x32,0x66,0x22,0x20,0x7d,0xa,0x20,0x20,0x20,0x20,0x20,
  0x20,0x20,0x20,0x20,0x20,0x20,0x20,0x7d,0xa,0x20,0x20,0x20,0x20,0x20,0x20,0x20,
  0x20,0x7d,0xa,0x20,0x20,0x20,0x20,0x7d,0xa,0xa,0x20,0x20,0x20,0x20,0x52,0x65,
  0x63,0x74,0x61,0x6e,0x67,0x6c,0x65,0x20,0x7b,0xa,0x20,0x20,0x20,0x20,0x20,0x20,
  0x20,0x20,0x61,0x6e,0x63,0x68,0x6f,0x72,0x73,0x2e,0x66,0x69,0x6c,0x6c,0x3a,0x20,
  0x70,0x61,0x72,0x65,0x6e,0x74,0xa,0x20,0x20,0x20,0x20,0x20,0x20,0x20,0x20,0x72,
  0x61,0x64,0x69,0x75,0x73,0x3a,0x20,0x77,0x69,0x64,0x74,0x68,0x20,0x2f,0x20,0x32,
  0xa,0x20,0x20,0x20,0x20,0x20,0x20,0x20,0x20,0x63,0x6f,0x6c,0x6f,0x72,0x3a,0x20,
  0x64,0x6f,0x74,0x2e,0x74,0x69,0x6e,0x74,0xa,0x20,0x20,0x20,0x20,0x20,0x20,0x20,
  0x20,0x62,0x6f,0x72,0x64,0x65,0x72,0x2e,0x77,0x69,0x64,0x74,0x68,0x3a,0x20,0x4d,
  0x61,0x74,0x68,0x2e,0x6d,0x61,0x78,0x28,0x31,0x2c,0x20,0x77,0x69,0x64,0x74,0x68,
  0x20,0x2a,0x20,0x30,0x2e,0x31,0x33,0x29,0xa,0x20,0x20,0x20,0x20,0x20,0x20,0x20,
  0x20,0x62,0x6f,0x72,0x64,0x65,0x72,0x2e,0x63,0x6f,0x6c,0x6f,0x72,0x3a,0x20,0x51,
  0x74,0x2e,0x64,0x61,0x72,0x6b,0x65,0x72,0x28,0x64,0x6f,0x74,0x2e,0x74,0x69,0x6e,
  0x74,0x2c,0x20,0x31,0x2e,0x37,0x29,0xa,0x20,0x20,0x20,0x20,0x7d,0xa,0xa,0x20,
  0x20,0x20,0x20,0x52,0x65,0x63,0x74,0x61,0x6e,0x67,0x6c,0x65,0x20,0x7b,0xa,0x20,
  0x20,0x20,0x20,0x20,0x20,0x20,0x20,0x77,0x69,0x64,0x74,0x68,0x3a,0x20,0x70,0x61,
  0x72,0x65,0x6e,0x74,0x2e,0x77,0x69,0x64,0x74,0x68,0x20,0x2a,0x20,0x30,0x2e,0x33,
  0x34,0xa,0x20,0x20,0x20,0x20,0x20,0x20,0x20,0x20,0x68,0x65,0x69,0x67,0x68,0x74,
  0x3a,0x20,0x77,0x69,0x64,0x74,0x68,0xa,0x20,0x20,0x20,0x20,0x20,0x20,0x20,0x20,
  0x78,0x3a,0x20,0x70,0x61,0x72,0x65,0x6e,0x74,0x2e,0x77,0x69,0x64,0x74,0x68,0x20,
  0x2a,0x20,0x30,0x2e,0x32,0xa,0x20,0x20,0x20,0x20,0x20,0x20,0x20,0x20,0x79,0x3a,
  0x20,0x70,0x61,0x72,0x65,0x6e,0x74,0x2e,0x68,0x65,0x69,0x67,0x68,0x74,0x20,0x2a,
  0x20,0x30,0x2e,0x31,0x36,0xa,0x20,0x20,0x20,0x20,0x20,0x20,0x20,0x20,0x72,0x61,
  0x64,0x69,0x75,0x73,0x3a,0x20,0x77,0x69,0x64,0x74,0x68,0x20,0x2f,0x20,0x32,0xa,
  0x20,0x20,0x20,0x20,0x20,0x20,0x20,0x20,0x63,0x6f,0x6c,0x6f,0x72,0x3a,0x20,0x22,
  0x23,0x62,0x33,0x66,0x66,0x66,0x66,0x66,0x66,0x22,0xa,0x20,0x20,0x20,0x20,0x7d,
  0xa,0x7d,0xa,
    // GameScreen.qml
  0x0,0x0,0x2,0x4,
  0x0,
  0x0,0x8,0x95,0x78,0xda,0xcd,0x55,0xc1,0x4e,0xdc,0x30,0x10,0xbd,0xe7,0x2b,0xcc,
  0x5,0xb5,0x97,0x48,0x95,0x7a,0xa,0xda,0xcb,0x22,0x54,0xa1,0xae,0x4,0x6c,0xab,
  0x72,0x36,0xce,0x24,0x6b,0xe1,0x78,0xd2,0xb1,0xb3,0xd5,0xaa,0xec,0xbf,0xd7,0xb1,
  0x59,0x13,0xe2,0x14,0xd2,0x52,0x50,0x7d,0xca,0xcc,0x3c,0x4f,0xde,0x1b,0x7b,0xc6,
  0xb2,0x69,0x91,0x2c,0xbb,0xb2,0x57,0x9d,0x14,0xb7,0x59,0x76,0x6e,0xa1,0x61,0x3f,
  0x33,0xe6,0x96,0x2c,0xb,0x66,0x4,0x1,0xe8,0xcc,0xdb,0x4,0xdf,0x3b,0x49,0x50,
  0xb2,0x96,0xb0,0x5,0xb2,0x3b,0xf6,0x89,0x37,0x70,0xa6,0x6b,0xa9,0x81,0xd5,0xee,
  0x33,0xc0,0x62,0xf4,0x6,0x51,0x31,0x5,0x5b,0x50,0x5f,0x40,0x81,0xb0,0x17,0x2d,
  0xe8,0x82,0x55,0x5c,0x99,0x7b,0x64,0x85,0xa2,0x33,0x5,0xb3,0xd4,0x81,0xb7,0x3f,
  0xc3,0xce,0xe4,0xa8,0xcf,0x8c,0xe0,0x2d,0x5c,0x12,0x18,0x3,0x8e,0x42,0x20,0xe3,
  0x9,0x55,0xec,0x5d,0x20,0x94,0x8f,0xd2,0xbe,0x8f,0x98,0x7e,0x4d,0x63,0xd8,0x22,
  0xfc,0xfb,0x24,0x62,0xc1,0x59,0xc3,0xa4,0xbd,0x86,0xbc,0xdd,0x70,0xe7,0x5d,0x2c,
  0x16,0x3,0x75,0xf9,0x79,0xa9,0x80,0xdd,0xdd,0xb1,0x67,0x81,0x6b,0x30,0xa8,0xb6,
  0x52,0xd7,0x93,0x8c,0xc2,0x3e,0xde,0x39,0x5d,0x8e,0xcd,0x51,0xea,0xd,0xdc,0xf6,
  0xa1,0x3c,0xd7,0x88,0xe5,0x92,0x8b,0xdb,0x9a,0xb0,0xd3,0xe5,0xa0,0xe,0x5c,0x8b,
  0xd,0x92,0xc9,0x2b,0xa9,0x54,0xc1,0x5a,0x4e,0xa0,0xed,0x70,0xe3,0x57,0x6c,0x97,
  0x9c,0x86,0x85,0x73,0x65,0xb4,0xde,0x99,0x25,0x49,0x9c,0xff,0x90,0xa3,0xff,0x4e,
  0xe2,0xa,0x2a,0x1b,0x1,0xbd,0x91,0x20,0x48,0xd6,0x9b,0x7,0x88,0xb7,0x22,0xa6,
  0xd7,0x56,0xc,0xe5,0xc7,0x8,0xea,0xcb,0x5e,0xf2,0xda,0x5d,0x2a,0x30,0x16,0xca,
  0x62,0xba,0x48,0xf1,0x72,0xdc,0x6b,0x5b,0xa2,0xb5,0xd8,0xa4,0xf2,0x6e,0xe,0xfe,
  0x54,0x61,0x8,0x45,0x82,0xc1,0x7c,0x13,0x9d,0x91,0x33,0xa7,0xf2,0x9b,0x84,0x1f,
  0x13,0x67,0xe8,0xcb,0x1f,0xce,0xe6,0x77,0xcc,0xe,0xfc,0xa3,0xc4,0x57,0x38,0xa7,
  0x3,0xa6,0xe1,0xe4,0xee,0xb1,0x6b,0xca,0xf,0x1f,0xe7,0x69,0x5b,0x21,0x2f,0x81,
  0xe6,0x5c,0x4e,0x1f,0x14,0x56,0x6e,0x5d,0xb2,0xa3,0xe9,0x16,0x7d,0xd4,0x33,0xfd,
  0x3a,0x3e,0x9e,0xd1,0x9c,0xd7,0xa8,0x67,0xf5,0xe6,0xa,0x8d,0x7d,0x68,0x4b,0x83,
  0x1d,0x9,0x38,0x45,0x37,0xff,0xb4,0xa3,0x58,0xb8,0xf1,0x66,0x3a,0x65,0xa3,0xe3,
  0xe5,0x22,0x27,0xee,0xb3,0xd3,0xf3,0x9c,0xf4,0x84,0x97,0xdf,0xfa,0xef,0x69,0xcd,
  0xfe,0xbf,0x7,0x9a,0x49,0x2,0xd1,0x39,0x6a,0xc6,0x71,0x29,0x63,0x70,0xed,0x3,
  0x17,0x5b,0x20,0xc5,0x77,0x83,0x4d,0x4f,0x8f,0x8a,0x30,0x2e,0x56,0x9e,0x47,0x3a,
  0x2f,0xd2,0x31,0x1f,0x67,0x46,0xa0,0x3a,0x83,0xf0,0xa8,0xc6,0x31,0xe6,0x47,0xd4,
  0xff,0x47,0x77,0x7c,0x24,0x31,0xb8,0x1a,0x24,0xff,0x2b,0xd6,0xa7,0xa,0x47,0x8f,
  0xee,0x9f,0x3e,0xaa,0x4f,0x3e,0x79,0x13,0xd8,0x7d,0x22,0x7d,0x9f,0xfd,0x2,0xaf,
  0xe2,0x8c,0x94,
    // PauseButton.qml
  0x0,0x0,0x3,0x5f,
  0x69,
  0x6d,0x70,0x6f,0x72,0x74,0x20,0x51,0x74,0x51,0x75,0x69,0x63,0x6b,0xa,0x69,0x6d,
  0x70,0x6f,0x72,0x74,0x20,0x51,0x74,0x51,0x75,0x69,0x63,0x6b,0x2e,0x43,0x6f,0x6e,
  0x74,0x72,0x6f,0x6c,0x73,0x2e,0x42,0x61,0x73,0x69,0x63,0xa,0xa,0x42,0x75,0x74,
  0x74,0x6f,0x6e,0x20,0x7b,0xa,0x20,0x20,0x20,0x20,0x69,0x64,0x3a,0x20,0x63,0x6f,
  0x6e,0x74,0x72,0x6f,0x6c,0xa,0xa,0x20,0x20,0x20,0x20,0x69,0x6d,0x70,0x6c,0x69,
  0x63,0x69,0x74,0x57,0x69,0x64,0x74,0x68,0x3a,0x20,0x33,0x38,0xa,0x20,0x20,0x20,
  0x20,0x69,0x6d,0x70,0x6c,0x69,0x63,0x69,0x74,0x48,0x65,0x69,0x67,0x68,0x74,0x3a,
  0x20,0x33,0x38,0xa,0x20,0x20,0x20,0x20,0x73,0x63,0x61,0x6c,0x65,0x3a,0x20,0x70,
  0x72,0x65,0x73,0x73,0x65,0x64,0x20,0x3f,0x20,0x30,0x2e,0x39,0x32,0x20,0x3a,0x20,
  0x31,0x2e,0x30,0xa,0xa,0x20,0x20,0x20,0x20,0x42,0x65,0x68,0x61,0x76,0x69,0x6f,
  0x72,0x20,0x6f,0x6e,0x20,0x73,0x63,0x61,0x6c,0x65,0x20,0x7b,0xa,0x20,0x20,0x20,
  0x20,0x20,0x20,0x20,0x20,0x53,0x63,0x61,0x6c,0x65,0x41,0x6e,0x69,0x6d,0x61,0x74,
  0x6f,0x72,0x20,0x7b,0x20,0x64,0x75,0x72,0x61,0x74,0x69,0x6f,0x6e,0x3a,0x20,0x39,
  0x30,0x20,0x7d,0xa,0x20,0x20,0x20,0x20,0x7d,0xa,0xa,0x20,0x20,0x20,0x20,0x62,
  0x61,0x63,0x6b,0x67,0x72,0x6f,0x75,0x6e,0x64,0x3a,0x20,0x52,0x65,0x63,0x74,0x61,
  0x6e,0x67,0x6c,0x65,0x20,0x7b,0xa,0x20,0x20,0x20,0x20,0x20,0x20,0x20,0x20,0x72,
  0x61,0x64,0x69,0x75,0x73,0x3a,0x20,0x77,0x69,0x64,0x74,0x68,0x20,0x2f,0x20,0x32,
  0xa,0x20,0x20,0x20,0x20,0x20,0x20,0x20,0x20,0x62,0x6f,0x72,0x64,0x65,0x72,0x2e,
  0x77,0x69,0x64,0x74,0x68,0x3a,0x20,0x32,0xa,0x20,0x20,0x20,0x20,0x20,0x20,0x20,
  0x20,0x62,0x6f,0x72,0x64,0x65,0x72,0x2e,0x63,0x6f,0x6c,0x6f,0x72,0x3a,0x20,0x22,
  0x23,0x38,0x61,0x64,0x30,0x66,0x32,0x22,0xa,0x20,0x20,0x20,0x20,0x20,0x20,0x20,
  0x20,0x67,0x72,0x61,0x64,0x69,0x65,0x6e,0x74,0x3a,0x20,0x47,0x72,0x61,0x64,0x69,
  0x65,0x6e,0x74,0x20,0x7b,0xa,0x20,0x20,0x20,0x20,0x20,0x20,0x20,0x20,0x20,0x20,
  0x20,0x20,0x47,0x72,0x61,0x64,0x69,0x65,0x6e,0x74,0x53,0x74,0x6f,0x70,0x20,0x7b,
  0x20,0x70,0x6f,0x73,0x69,0x74,0x69,0x6f,0x6e,0x3a,0x20,0x30,0x2e,0x30,0x3b,0x20,
  0x63,0x6f,0x6c,0x6f,0x72,0x3a,0x20,0x22,0x23,0x35,0x61,0x61,0x38,0x65,0x30,0x22,
  0x20,0x7d,0xa,0x20,0x20,0x20,0x20,0x20,0x20,0x20,0x20,0x20,0x20,0x20,0x20,0x47,
  0x72,0x61,0x64,0x69,0x65,0x6e,0x74,0x53,0x74,0x6f,0x70,0x20,0x7b,0x20,0x70,0x6f,
  0x73,0x69,0x74,0x69,0x6f,0x6e,0x3a,0x20,0x31,0x2e,0x30,0x3b,0x20,0x63,0x6f,0x6c,
  0x6f,0x72,0x3a,0x20,0x22,0x23,0x32,0x66,0x36,0x66,0x61,0x65,0x22,0x20,0x7d,0xa,
  0x20,0x20,0x20,0x20,0x20,0x20,0x20,0x20,0x7d,0xa,0x20,0x20,0x20,0x20,0x7d,0xa,
  0xa,0x20,0x20,0x20,0x20,0x63,0x6f,0x6e,0x74,0x65,0x6e,0x74,0x49,0x74,0x65,0x6d,
  0x3a,0x20,0x49,0x74,0x65,0x6d,0x20,0x7b,0xa,0x20,0x20,0x20,0x20,0x20,0x20,0x20,
  0x20,0x52,0x6f,0x77,0x20,0x7b,0xa,0x20,0x20,0x20,0x20,0x20,0x20,0x20,0x20,0x20,
  0x20,0x20,0x20,0x61,0x6e,0x63,0x68,0x6f,0x72,0x73,0x2e,0x63,0x65,0x6e,0x74,0x65,
  0x72,0x49,0x6e,0x3a,0x20,0x70,0x61,0x72,0x65,0x6e,0x74,0xa,0x20,0x20,0x20,0x20,
  0x20,0x20,0x20,0x20,0x20,0x20,0x20,0x20,0x73,0x70,0x61,0x63,0x69,0x6e,0x67,0x3a,
  0x20,0x34,0xa,0xa,0x20,0x20,0x20,0x20,0x20,0x20,0x20,0x20,0x20,0x20,0x20,0x20,
  0x52,0x65,0x70,0x65,0x61,0x74,0x65,0x72,0x20,0x7b,0xa,0x20,0x20,0x20,0x20,0x20,
  0x20,0x20,0x20,0x20,0x20,0x20,0x20,0x20,0x20,0x20,0x20,0x6d,0x6f,0x64,0x65,0x6c,
  0x3a,0x20,0x32,0xa,0xa,0x20,0x20,0x20,0x20,0x20,0x20,0x20,0x20,0x20,0x20,0x20,
  0x20,0x20,0x20,0x20,0x20,0x64,0x65,0x6c,0x65,0x67,0x61,0x74,0x65,0x3a,0x20,0x52,
  0x65,0x63,0x74,0x61,0x6e,0x67,0x6c,0x65,0x20,0x7b,0xa,0x20,0x20,0x20,0x20,0x20,
  0x20,0x20,0x20,0x20,0x20,0x20,0x20,0x20,0x20,0x20,0x20,0x20,0x20,0x20,0x20,0x77,
  0x69,0x64,0x74,0x68,0x3a,0x20,0x34,0xa,0x20,0x20,0x20,0x20,0x20,0x20,0x20,0x20,
  0x20,0x20,0x20,0x20,0x20,0x20,0x20,0x20,0x20,0x20,0x20,0x20,0x68,0x65,0x69,0x67,
  0x68,0x74,0x3a,0x20,0x31,0x34,0xa,0x20,0x20,0x20,0x20,0x20,0x20,0x20,0x20,0x20,
  0x20,0x20,0x20,0x20,0x20,0x20,0x20,0x20,0x20,0x20,0x20,0x72,0x61,0x64,0x69,0x75,
  0x73,0x3a,0x20,0x31,0x2e,0x35,0xa,0x20,0x20,0x20,0x20,0x20,0x20,0x20,0x20,0x20,
  0x20,0x20,0x20,0x20,0x20,0x20,0x20,0x20,0x20,0x20,0x20,0x63,0x6f,0x6c,0x6f,0x72,
  0x3a,0x20,0x54,0x68,0x65,0x6d,0x65,0x2e,0x69,0x6e,0x6b,0xa,0x20,0x20,0x20,0x20,
  0x20,0x20,0x20,0x20,0x20,0x20,0x20,0x20,0x20,0x20,0x20,0x20,0x7d,0xa,0x20,0x20,
  0x20,0x20,0x20,0x20,0x20,0x20,0x20,0x20,0x20,0x20,0x7d,0xa,0x20,0x20,0x20,0x20,
  0x20,0x20,0x20,0x20,0x7d,0xa,0x20,0x20,0x20,0x20,0x7d,0xa,0x7d,0xa,
    // Theme.qml
  0x0,0x0,0x4,0x4a,
  0x70,
  0x72,0x61,0x67,0x6d,0x61,0x20,0x53,0x69,0x6e,0x67,0x6c,0x65,0x74,0x6f,0x6e,0xa,
  0xa,0x69,0x6d,0x70,0x6f,0x72,0x74,0x20,0x51,0x74,0x51,0x75,0x69,0x63,0x6b,0xa,
  0xa,0x51,0x74,0x4f,0x62,0x6a,0x65,0x63,0x74,0x20,0x7b,0xa,0x20,0x20,0x20,0x20,
  0x72,0x65,0x61,0x64,0x6f,0x6e,0x6c,0x79,0x20,0x70,0x72,0x6f,0x70,0x65,0x72,0x74,
  0x79,0x20,0x73,0x74,0x72,0x69,0x6e,0x67,0x20,0x64,0x69,0x73,0x70,0x6c,0x61,0x79,
  0x46,0x6f,0x6e,0x74,0x3a,0x20,0x22,0x54,0x72,0x65,0x62,0x75,0x63,0x68,0x65,0x74,
  0x20,0x4d,0x53,0x22,0xa,0xa,0x20,0x20,0x20,0x20,0x72,0x65,0x61,0x64,0x6f,0x6e,
  0x6c,0x79,0x20,0x70,0x72,0x6f,0x70,0x65,0x72,0x74,0x79,0x20,0x63,0x6f,0x6c,0x6f,
  0x72,0x20,0x77,0x6f,0x6f,0x64,0x54,0x6f,0x70,0x3a,0x20,0x22,0x23,0x35,0x62,0x33,
  0x34,0x31,0x33,0x22,0xa,0x20,0x20,0x20,0x20,0x72,0x65,0x61,0x64,0x6f,0x6e,0x6c,
  0x79,0x20,0x70,0x72,0x6f,0x70,0x65,0x72,0x74,0x79,0x20,0x63,0x6f,0x6c,0x6f,0x72,
  0x20,0x77,0x6f,0x6f,0x64,0x43,0x6f,0x72,0x65,0x3a,0x20,0x22,0x23,0x61,0x30,0x36,
  0x63,0x33,0x38,0x22,0xa,0x20,0x20,0x20,0x20,0x72,0x65,0x61,0x64,0x6f,0x6e,0x6c,
  0x79,0x20,0x70,0x72,0x6f,0x70,0x65,0x72,0x74,0x79,0x20,0x63,0x6f,0x6c,0x6f,0x72,
  0x20,0x77,0x6f,0x6f,0x64,0x4c,0x6f,0x77,0x3a,0x20,0x22,0x23,0x38,0x61,0x35,0x37,
  0x32,0x39,0x22,0xa,0x20,0x20,0x20,0x20,0x72,0x65,0x61,0x64,0x6f,0x6e,0x6c,0x79,
  0x20,0x70,0x72,0x6f,0x70,0x65,0x72,0x74,0x79,0x20,0x63,0x6f,0x6c,0x6f,0x72,0x20,
  0x77,0x6f,0x6f,0x64,0x42,0x6f,0x74,0x74,0x6f,0x6d,0x3a,0x20,0x22,0x23,0x34,0x61,
  0x32,0x38,0x31,0x30,0x22,0xa,0xa,0x20,0x20,0x20,0x20,0x72,0x65,0x61,0x64,0x6f,
  0x6e,0x6c,0x79,0x20,0x70,0x72,0x6f,0x70,0x65,0x72,0x74,0x79,0x20,0x63,0x6f,0x6c,
  0x6f,0x72,0x20,0x62,0x61,0x72,0x3a,0x20,0x22,0x23,0x65,0x36,0x33,0x61,0x31,0x66,
  0x30,0x62,0x22,0xa,0x20,0x20,0x20,0x20,0x72,0x65,0x61,0x64,0x6f,0x6e,0x6c,0x79,
  0x20,0x70,0x72,0x6f,0x70,0x65,0x72,0x74,0x79,0x20,0x63,0x6f,0x6c,0x6f,0x72,0x20,
  0x62,0x61,0x72,0x45,0x64,0x67,0x65,0x3a,0x20,0x22,0x23,0x63,0x30,0x38,0x61,0x34,
  0x61,0x22,0xa,0x20,0x20,0x20,0x20,0x72,0x65,0x61,0x64,0x6f,0x6e,0x6c,0x79,0x20,
  0x70,0x72,0x6f,0x70,0x65,0x72,0x74,0x79,0x20,0x63,0x6f,0x6c,0x6f,0x72,0x20,0x70,
  0x61,0x6e,0x65,0x6c,0x3a,0x20,0x22,0x23,0x37,0x61,0x34,0x61,0x32,0x30,0x22,0xa,
  0x20,0x20,0x20,0x20,0x72,0x65,0x61,0x64,0x6f,0x6e,0x6c,0x79,0x20,0x70,0x72,0x6f,
  0x70,0x65,0x72,0x74,0x79,0x20,0x63,0x6f,0x6c,0x6f,0x72,0x20,0x70,0x61,0x6e,0x65,
  0x6c,0x45,0x64,0x67,0x65,0x3a,0x20,0x22,0x23,0x65,0x30,0x62,0x30,0x37,0x30,0x22,
  0xa,0x20,0x20,0x20,0x20,0x72,0x65,0x61,0x64,0x6f,0x6e,0x6c,0x79,0x20,0x70,0x72,
  0x6f,0x70,0x65,0x72,0x74,0x79,0x20,0x63,0x6f,0x6c,0x6f,0x72,0x20,0x73,0x63,0x72,
  0x69,0x6d,0x3a,0x20,0x22,0x23,0x62,0x33,0x31,0x34,0x30,0x61,0x30,0x32,0x22,0xa,
  0xa,0x20,0x20,0x20,0x20,0x72,0x65,0x61,0x64,0x6f,0x6e,0x6c,0x79,0x20,0x70,0x72,
  0x6f,0x70,0x65,0x72,0x74,0x79,0x20,0x63,0x6f,0x6c,0x6f,0x72,0x20,0x69,0x6e,0x6b,
  0x3a,0x20,0x22,0x23,0x66,0x66,0x66,0x31,0x64,0x36,0x22,0xa,0x20,0x20,0x20,0x20,
  0x72,0x65,0x61,0x64,0x6f,0x6e,0x6c,0x79,0x20,0x70,0x72,0x6f,0x70,0x65,0x72,0x74,
  0x79,0x20,0x63,0x6f,0x6c,0x6f,0x72,0x20,0x69,0x6e,0x6b,0x44,0x69,0x6d,0x3a,0x20,
  0x22,0x23,0x64,0x38,0x62,0x34,0x38,0x39,0x22,0xa,0x20,0x20,0x20,0x20,0x72,0x65,
  0x61,0x64,0x6f,0x6e,0x6c,0x79,0x20,0x70,0x72,0x6f,0x70,0x65,0x72,0x74,0x79,0x20,
  0x63,0x6f,0x6c,0x6f,0x72,0x20,0x69,0x6e,0x6b,0x53,0x68,0x61,0x64,0x6f,0x77,0x3a,
  0x20,0x22,0x23,0x32,0x61,0x31,0x36,0x30,0x37,0x22,0xa,0xa,0x20,0x20,0x20,0x20,
  0x72,0x65,0x61,0x64,0x6f,0x6e,0x6c,0x79,0x20,0x70,0x72,0x6f,0x70,0x65,0x72,0x74,
  0x79,0x20,0x63,0x6f,0x6c,0x6f,0x72,0x20,0x61,0x63,0x63,0x65,0x6e,0x74,0x3a,0x20,
  0x22,0x23,0x66,0x32,0x39,0x39,0x34,0x61,0x22,0xa,0x20,0x20,0x20,0x20,0x72,0x65,
  0x61,0x64,0x6f,0x6e,0x6c,0x79,0x20,0x70,0x72,0x6f,0x70,0x65,0x72,0x74,0x79,0x20,
  0x63,0x6f,0x6c,0x6f,0x72,0x20,0x64,0x61,0x6e,0x67,0x65,0x72,0x3a,0x20,0x22,0x23,
  0x65,0x32,0x34,0x30,0x32,0x66,0x22,0xa,0xa,0x20,0x20,0x20,0x20,0x2f,0x2f,0x20,
  0x49,0x6e,0x64,0x65,0x78,0x20,0x62,0x79,0x20,0x63,0x72,0x65,0x61,0x74,0x75,0x72,
  0x65,0x20,0x74,0x69,0x65,0x72,0x3a,0x20,0x30,0x20,0x69,0x73,0x20,0x61,0x6e,0x20,
  0x65,0x6d,0x70,0x74,0x79,0x20,0x63,0x65,0x6c,0x6c,0x2c,0x20,0x31,0x2e,0x2e,0x34,
  0x20,0x72,0x75,0x6e,0x20,0x62,0x6c,0x75,0x65,0x2c,0x20,0x67,0x72,0x65,0x65,0x6e,
  0x2c,0x20,0x6f,0x72,0x61,0x6e,0x67,0x65,0x2c,0x20,0x72,0x65,0x64,0x2e,0xa,0x20,
  0x20,0x20,0x20,0x72,0x65,0x61,0x64,0x6f,0x6e,0x6c,0x79,0x20,0x70,0x72,0x6f,0x70,
  0x65,0x72,0x74,0x79,0x20,0x76,0x61,0x72,0x20,0x74,0x69,0x65,0x72,0x43,0x6f,0x6c,
  0x6f,0x72,0x3a,0x20,0x5b,0x22,0x23,0x30,0x30,0x30,0x30,0x30,0x30,0x30,0x30,0x22,
  0x2c,0x20,0x22,0x23,0x32,0x66,0x38,0x30,0x65,0x64,0x22,0x2c,0x20,0x22,0x23,0x37,
  0x63,0x62,0x38,0x33,0x32,0x22,0x2c,0x20,0x22,0x23,0x66,0x32,0x39,0x39,0x34,0x61,
  0x22,0x2c,0x20,0x22,0x23,0x65,0x32,0x34,0x30,0x32,0x66,0x22,0x5d,0xa,0xa,0x20,
  0x20,0x20,0x20,0x2f,0x2f,0x20,0x44,0x69,0x61,0x6d,0x65,0x74,0x65,0x72,0x20,0x61,
  0x73,0x20,0x61,0x20,0x66,0x72,0x61,0x63,0x74,0x69,0x6f,0x6e,0x20,0x6f,0x66,0x20,
  0x6f,0x6e,0x65,0x20,0x67,0x72,0x69,0x64,0x20,0x63,0x65,0x6c,0x6c,0x2c,0x20,0x73,
  0x6f,0x20,0x74,0x69,0x65,0x72,0x20,0x72,0x65,0x61,0x64,0x73,0x20,0x61,0x73,0x20,
  0x73,0x69,0x7a,0x65,0x20,0x62,0x65,0x66,0x6f,0x72,0x65,0x20,0x63,0x6f,0x6c,0x6f,
  0x75,0x72,0x2e,0xa,0x20,0x20,0x20,0x20,0x72,0x65,0x61,0x64,0x6f,0x6e,0x6c,0x79,
  0x20,0x70,0x72,0x6f,0x70,0x65,0x72,0x74,0x79,0x20,0x76,0x61,0x72,0x20,0x74,0x69,
  0x65,0x72,0x53,0x63,0x61,0x6c,0x65,0x3a,0x20,0x5b,0x30,0x2e,0x30,0x2c,0x20,0x30,
  0x2e,0x34,0x34,0x2c,0x20,0x30,0x2e,0x36,0x30,0x2c,0x20,0x30,0x2e,0x37,0x37,0x2c,
  0x20,0x30,0x2e,0x39,0x34,0x5d,0xa,0x7d,0xa,
    // WoodBackground.qml
  0x0,0x0,0x3,0x5d,
  0x69,
  0x6d,0x70,0x6f,0x72,0x74,0x20,0x51,0x74,0x51,0x75,0x69,0x63,0x6b,0xa,0xa,0x52,
  0x65,0x63,0x74,0x61,0x6e,0x67,0x6c,0x65,0x20,0x7b,0xa,0x20,0x20,0x20,0x20,0x41,
  0x63,0x63,0x65,0x73,0x73,0x69,0x62,0x6c,0x65,0x2e,0x69,0x67,0x6e,0x6f,0x72,0x65,
  0x64,0x3a,0x20,0x74,0x72,0x75,0x65,0xa,0xa,0x20,0x20,0x20,0x20,0x67,0x72,0x61,
  0x64,0x69,0x65,0x6e,0x74,0x3a,0x20,0x47,0x72,0x61,0x64,0x69,0x65,0x6e,0x74,0x20,
  0x7b,0xa,0x20,0x20,0x20,0x20,0x20,0x20,0x20,0x20,0x47,0x72,0x61,0x64,0x69,0x65,
  0x6e,0x74,0x53,0x74,0x6f,0x70,0x20,0x7b,0x20,0x70,0x6f,0x73,0x69,0x74,0x69,0x6f,
  0x6e,0x3a,0x20,0x30,0x2e,0x30,0x3b,0x20,0x63,0x6f,0x6c,0x6f,0x72,0x3a,0x20,0x54,
  0x68,0x65,0x6d,0x65,0x2e,0x77,0x6f,0x6f,0x64,0x54,0x6f,0x70,0x20,0x7d,0xa,0x20,
  0x20,0x20,0x20,0x20,0x20,0x20,0x20,0x47,0x72,0x61,0x64,0x69,0x65,0x6e,0x74,0x53,
  0x74,0x6f,0x70,0x20,0x7b,0x20,0x70,0x6f,0x73,0x69,0x74,0x69,0x6f,0x6e,0x3a,0x20,
  0x30,0x2e,0x32,0x38,0x3b,0x20,0x63,0x6f,0x6c,0x6f,0x72,0x3a,0x20,0x54,0x68,0x65,
  0x6d,0x65,0x2e,0x77,0x6f,0x6f,0x64,0x43,0x6f,0x72,0x65,0x20,0x7d,0xa,0x20,0x20,
  0x20,0x20,0x20,0x20,0x20,0x20,0x47,0x72,0x61,0x64,0x69,0x65,0x6e,0x74,0x53,0x74,
  0x6f,0x70,0x20,0x7b,0x20,0x70,0x6f,0x73,0x69,0x74,0x69,0x6f,0x6e,0x3a,0x20,0x30,
  0x2e,0x37,0x32,0x3b,0x20,0x63,0x6f,0x6c,0x6f,0x72,0x3a,0x20,0x54,0x68,0x65,0x6d,
  0x65,0x2e,0x77,0x6f,0x6f,0x64,0x4c,0x6f,0x77,0x20,0x7d,0xa,0x20,0x20,0x20,0x20,
  0x20,0x20,0x20,0x20,0x47,0x72,0x61,0x64,0x69,0x65,0x6e,0x74,0x53,0x74,0x6f,0x70,
  0x20,0x7b,0x20,0x70,0x6f,0x73,0x69,0x74,0x69,0x6f,0x6e,0x3a,0x20,0x31,0x2e,0x30,
  0x3b,0x20,0x63,0x6f,0x6c,0x6f,0x72,0x3a,0x20,0x54,0x68,0x65,0x6d,0x65,0x2e,0x77,
  0x6f,0x6f,0x64,0x42,0x6f,0x74,0x74,0x6f,0x6d,0x20,0x7d,0xa,0x20,0x20,0x20,0x20,
  0x7d,0xa,0xa,0x20,0x20,0x20,0x20,0x2f,0x2f,0x20,0x44,0x61,0x72,0x6b,0x65,0x6e,
  0x65,0x64,0x20,0x73,0x69,0x64,0x65,0x20,0x65,0x64,0x67,0x65,0x73,0x20,0x73,0x74,
  0x61,0x6e,0x64,0x20,0x69,0x6e,0x20,0x66,0x6f,0x72,0x20,0x61,0x20,0x72,0x61,0x64,
  0x69,0x61,0x6c,0x20,0x76,0x69,0x67,0x6e,0x65,0x74,0x74,0x65,0x2c,0x20,0x77,0x68,
  0x69,0x63,0x68,0x20,0x51,0x74,0x51,0x75,0x69,0x63,0x6b,0x27,0x73,0x20,0x63,0x6f,
  0x72,0x65,0xa,0x20,0x20,0x20,0x20,0x2f,0x2f,0x20,0x67,0x72,0x61,0x64,0x69,0x65,
  0x6e,0x74,0x73,0x20,0x63,0x61,0x6e,0x6e,0x6f,0x74,0x20,0x65,0x78,0x70,0x72,0x65,
  0x73,0x73,0x20,0x6f,0x6e,0x20,0x74,0x68,0x65,0x69,0x72,0x20,0x6f,0x77,0x6e,0x2e,
  0xa,0x20,0x20,0x20,0x20,0x52,0x65,0x63,0x74,0x61,0x6e,0x67,0x6c,0x65,0x20,0x7b,
  0xa,0x20,0x20,0x20,0x20,0x20,0x20,0x20,0x20,0x61,0x6e,0x63,0x68,0x6f,0x72,0x73,
  0x2e,0x66,0x69,0x6c,0x6c,0x3a,0x20,0x70,0x61,0x72,0x65,0x6e,0x74,0xa,0x20,0x20,
  0x20,0x20,0x20,0x20,0x20,0x20,0x67,0x72,0x61,0x64,0x69,0x65,0x6e,0x74,0x3a,0x20,
  0x47,0x72,0x61,0x64,0x69,0x65,0x6e,0x74,0x20,0x7b,0xa,0x20,0x20,0x20,0x20,0x20,
  0x20,0x20,0x20,0x20,0x20,0x20,0x20,0x6f,0x72,0x69,0x65,0x6e,0x74,0x61,0x74,0x69,
  0x6f,0x6e,0x3a,0x20,0x47,0x72,0x61,0x64,0x69,0x65,0x6e,0x74,0x2e,0x48,0x6f,0x72,
  0x69,0x7a,0x6f,0x6e,0x74,0x61,0x6c,0xa,0x20,0x20,0x20,0x20,0x20,0x20,0x20,0x20,
  0x20,0x20,0x20,0x20,0x47,0x72,0x61,0x64,0x69,0x65,0x6e,0x74,0x53,0x74,0x6f,0x70,
  0x20,0x7b,0x20,0x70,0x6f,0x73,0x69,0x74,0x69,0x6f,0x6e,0x3a,0x20,0x30,0x2e,0x30,
  0x3b,0x20,0x63,0x6f,0x6c,0x6f,0x72,0x3a,0x20,0x22,0x23,0x35,0x39,0x30,0x30,0x30,
  0x30,0x30,0x30,0x22,0x20,0x7d,0xa,0x20,0x20,0x20,0x20,0x20,0x20,0x20,0x20,0x20,
  0x20,0x20,0x20,0x47,0x72,0x61,0x64,0x69,0x65,0x6e,0x74,0x53,0x74,0x6f,0x70,0x20,
  0x7b,0x20,0x70,0x6f,0x73,0x69,0x74,0x69,0x6f,0x6e,0x3a,0x20,0x30,0x2e,0x32,0x32,
  0x3b,0x20,0x63,0x6f,0x6c,0x6f,0x72,0x3a,0x20,0x22,0x74,0x72,0x61,0x6e,0x73,0x70,
  0x61,0x72,0x65,0x6e,0x74,0x22,0x20,0x7d,0xa,0x20,0x20,0x20,0x20,0x20,0x20,0x20,
  0x20,0x20,0x20,0x20,0x20,0x47,0x72,0x61,0x64,0x69,0x65,0x6e,0x74,0x53,0x74,0x6f,
  0x70,0x20,0x7b,0x20,0x70,0x6f,0x73,0x69,0x74,0x69,0x6f,0x6e,0x3a,0x20,0x30,0x2e,
  0x37,0x38,0x3b,0x20,0x63,0x6f,0x6c,0x6f,0x72,0x3a,0x20,0x22,0x74,0x72,0x61,0x6e,
  0x73,0x70,0x61,0x72,0x65,0x6e,0x74,0x22,0x20,0x7d,0xa,0x20,0x20,0x20,0x20,0x20,
  0x20,0x20,0x20,0x20,0x20,0x20,0x20,0x47,0x72,0x61,0x64,0x69,0x65,0x6e,0x74,0x53,
  0x74,0x6f,0x70,0x20,0x7b,0x20,0x70,0x6f,0x73,0x69,0x74,0x69,0x6f,0x6e,0x3a,0x20,
  0x31,0x2e,0x30,0x3b,0x20,0x63,0x6f,0x6c,0x6f,0x72,0x3a,0x20,0x22,0x23,0x35,0x39,
  0x30,0x30,0x30,0x30,0x30,0x30,0x22,0x20,0x7d,0xa,0x20,0x20,0x20,0x20,0x20,0x20,
  0x20,0x20,0x7d,0xa,0x20,0x20,0x20,0x20,0x7d,0xa,0x7d,0xa,
    // ResultOverlay.qml
  0x0,0x0,0x7,0x47,
  0x69,
  0x6d,0x70,0x6f,0x72,0x74,0x20,0x51,0x74,0x51,0x75,0x69,0x63,0x6b,0xa,0xa,0x4f,
  0x76,0x65,0x72,0x6c,0x61,0x79,0x50,0x61,0x6e,0x65,0x6c,0x20,0x7b,0xa,0x20,0x20,
  0x20,0x20,0x69,0x64,0x3a,0x20,0x6f,0x76,0x65,0x72,0x6c,0x61,0x79,0xa,0xa,0x20,
  0x20,0x20,0x20,0x72,0x65,0x71,0x75,0x69,0x72,0x65,0x64,0x20,0x70,0x72,0x6f,0x70,
  0x65,0x72,0x74,0x79,0x20,0x47,0x61,0x6d,0x65,0x45,0x6e,0x67,0x69,0x6e,0x65,0x20,
  0x67,0x61,0x6d,0x65,0xa,0xa,0x20,0x20,0x20,0x20,0x73,0x69,0x67,0x6e,0x61,0x6c,
  0x20,0x6c,0x65,0x76,0x65,0x6c,0x73,0x52,0x65,0x71,0x75,0x65,0x73,0x74,0x65,0x64,
  0x28,0x29,0xa,0xa,0x20,0x20,0x20,0x20,0x72,0x65,0x61,0x64,0x6f,0x6e,0x6c,0x79,
  0x20,0x70,0x72,0x6f,0x70,0x65,0x72,0x74,0x79,0x20,0x62,0x6f,0x6f,0x6c,0x20,0x77,
  0x6f,0x6e,0x3a,0x20,0x67,0x61,0x6d,0x65,0x2e,0x70,0x68,0x61,0x73,0x65,0x20,0x3d,
  0x3d,0x3d,0x20,0x47,0x61,0x6d,0x65,0x45,0x6e,0x67,0x69,0x6e,0x65,0x2e,0x57,0x6f,
  0x6e,0xa,0x20,0x20,0x20,0x20,0x72,0x65,0x61,0x64,0x6f,0x6e,0x6c,0x79,0x20,0x70,
  0x72,0x6f,0x70,0x65,0x72,0x74,0x79,0x20,0x62,0x6f,0x6f,0x6c,0x20,0x68,0x61,0x73,
  0x4e,0x65,0x78,0x74,0x3a,0x20,0x67,0x61,0x6d,0x65,0x2e,0x6c,0x65,0x76,0x65,0x6c,
  0x49,0x6e,0x64,0x65,0x78,0x20,0x2b,0x20,0x31,0x20,0x3c,0x20,0x67,0x61,0x6d,0x65,
  0x2e,0x6c,0x65,0x76,0x65,0x6c,0x43,0x6f,0x75,0x6e,0x74,0xa,0xa,0x20,0x20,0x20,
  0x20,0x74,0x69,0x74,0x6c,0x65,0x3a,0x20,0x77,0x6f,0x6e,0x20,0x3f,0x20,0x71,0x73,
  0x54,0x72,0x28,0x22,0x4c,0x45,0x56,0x45,0x4c,0x20,0x43,0x4c,0x45,0x41,0x52,0x21,
  0x22,0x29,0x20,0x3a,0x20,0x71,0x73,0x54,0x72,0x28,0x22,0x4f,0x55,0x54,0x20,0x4f,
  0x46,0x20,0x54,0x4f,0x55,0x43,0x48,0x45,0x53,0x22,0x29,0xa,0x20,0x20,0x20,0x20,
  0x74,0x69,0x74,0x6c,0x65,0x43,0x6f,0x6c,0x6f,0x72,0x3a,0x20,0x77,0x6f,0x6e,0x20,
  0x3f,0x20,0x22,0x23,0x39,0x61,0x64,0x65,0x33,0x66,0x22,0x20,0x3a,0x20,0x54,0x68,
  0x65,0x6d,0x65,0x2e,0x64,0x61,0x6e,0x67,0x65,0x72,0xa,0xa,0x20,0x20,0x20,0x20,
  0x47,0x61,0x6d,0x65,0x4c,0x61,0x62,0x65,0x6c,0x20,0x7b,0xa,0x20,0x20,0x20,0x20,
  0x20,0x20,0x20,0x20,0x77,0x69,0x64,0x74,0x68,0x3a,0x20,0x70,0x61,0x72,0x65,0x6e,
  0x74,0x2e,0x77,0x69,0x64,0x74,0x68,0xa,0x20,0x20,0x20,0x20,0x20,0x20,0x20,0x20,
  0x68,0x6f,0x72,0x69,0x7a,0x6f,0x6e,0x74,0x61,0x6c,0x41,0x6c,0x69,0x67,0x6e,0x6d,
  0x65,0x6e,0x74,0x3a,0x20,0x54,0x65,0x78,0x74,0x2e,0x41,0x6c,0x69,0x67,0x6e,0x48,
  0x43,0x65,0x6e,0x74,0x65,0x72,0xa,0x20,0x20,0x20,0x20,0x20,0x20,0x20,0x20,0x66,
  0x6f,0x6e,0x74,0x2e,0x70,0x69,0x78,0x65,0x6c,0x53,0x69,0x7a,0x65,0x3a,0x20,0x31,
  0x35,0xa,0x20,0x20,0x20,0x20,0x20,0x20,0x20,0x20,0x63,0x6f,0x6c,0x6f,0x72,0x3a,
  0x20,0x54,0x68,0x65,0x6d,0x65,0x2e,0x69,0x6e,0x6b,0x44,0x69,0x6d,0xa,0x20,0x20,
  0x20,0x20,0x20,0x20,0x20,0x20,0x77,0x72,0x61,0x70,0x4d,0x6f,0x64,0x65,0x3a,0x20,
  0x54,0x65,0x78,0x74,0x2e,0x57,0x6f,0x72,0x64,0x57,0x72,0x61,0x70,0xa,0x20,0x20,
  0x20,0x20,0x20,0x20,0x20,0x20,0x74,0x65,0x78,0x74,0x3a,0x20,0x6f,0x76,0x65,0x72,
  0x6c,0x61,0x79,0x2e,0x77,0x6f,0x6e,0xa,0x20,0x20,0x20,0x20,0x20,0x20,0x20,0x20,
  0x20,0x20,0x20,0x20,0x20,0x20,0x3f,0x20,0x71,0x73,0x54,0x72,0x28,0x22,0x53,0x43,
  0x4f,0x52,0x45,0x20,0x25,0x31,0x20,0x20,0x20,0x20,0x42,0x45,0x53,0x54,0x20,0x25,
  0x32,0x22,0x29,0x2e,0x61,0x72,0x67,0x28,0x6f,0x76,0x65,0x72,0x6c,0x61,0x79,0x2e,
  0x67,0x61,0x6d,0x65,0x2e,0x73,0x63,0x6f,0x72,0x65,0x29,0xa,0x20,0x20,0x20,0x20,
  0x20,0x20,0x20,0x20,0x20,0x20,0x20,0x20,0x20,0x20,0x20,0x20,0x20,0x20,0x20,0x20,
  0x20,0x20,0x20,0x20,0x20,0x20,0x20,0x20,0x20,0x20,0x20,0x20,0x20,0x20,0x20,0x20,
  0x20,0x20,0x20,0x20,0x20,0x20,0x20,0x2e,0x61,0x72,0x67,0x28,0x6f,0x76,0x65,0x72,
  0x6c,0x61,0x79,0x2e,0x67,0x61,0x6d,0x65,0x2e,0x62,0x65,0x73,0x74,0x53,0x63,0x6f,
  0x72,0x65,0x28,0x6f,0x76,0x65,0x72,0x6c,0x61,0x79,0x2e,0x67,0x61,0x6d,0x65,0x2e,
  0x6c,0x65,0x76,0x65,0x6c,0x49,0x6e,0x64,0x65,0x78,0x29,0x29,0xa,0x20,0x20,0x20,
  0x20,0x20,0x20,0x20,0x20,0x20,0x20,0x20,0x20,0x20,0x20,0x3a,0x20,0x71,0x73,0x54,
  0x72,0x28,0x22,0x43,0x72,0x65,0x61,0x74,0x75,0x72,0x65,0x73,0x20,0x61,0x72,0x65,
  0x20,0x73,0x74,0x69,0x6c,0x6c,0x20,0x73,0x74,0x61,0x6e,0x64,0x69,0x6e,0x67,0x2e,
  0x20,0x45,0x76,0x65,0x72,0x79,0x20,0x6c,0x65,0x76,0x65,0x6c,0x20,0x63,0x61,0x6e,
  0x20,0x62,0x65,0x20,0x63,0x6c,0x65,0x61,0x72,0x65,0x64,0x20,0x69,0x6e,0x20,0x65,
  0x78,0x61,0x63,0x74,0x6c,0x79,0x20,0x25,0x31,0x2e,0x22,0x29,0xa,0x20,0x20,0x20,
  0x20,0x20,0x20,0x20,0x20,0x20,0x20,0x20,0x20,0x20,0x20,0x20,0x20,0x2e,0x61,0x72,
  0x67,0x28,0x6f,0x76,0x65,0x72,0x6c,0x61,0x79,0x2e,0x67,0x61,0x6d,0x65,0x2e,0x74,
  0x61,0x70,0x42,0x75,0x64,0x67,0x65,0x74,0x20,0x3d,0x3d,0x3d,0x20,0x31,0x20,0x3f,
  0x20,0x71,0x73,0x54,0x72,0x28,0x22,0x31,0x20,0x74,0x6f,0x75,0x63,0x68,0x22,0x29,
  0xa,0x20,0x20,0x20,0x20,0x20,0x20,0x20,0x20,0x20,0x20,0x20,0x20,0x20,0x20,0x20,
  0x20,0x20,0x20,0x20,0x20,0x20,0x20,0x20,0x20,0x20,0x20,0x20,0x20,0x20,0x20,0x20,
  0x20,0x20,0x20,0x20,0x20,0x20,0x20,0x20,0x20,0x20,0x20,0x20,0x20,0x20,0x20,0x20,
  0x20,0x20,0x20,0x3a,0x20,0x71,0x73,0x54,0x72,0x28,0x22,0x25,0x31,0x20,0x74,0x6f,
  0x75,0x63,0x68,0x65,0x73,0x22,0x29,0x2e,0x61,0x72,0x67,0x28,0x6f,0x76,0x65,0x72,
  0x6c,0x61,0x79,0x2e,0x67,0x61,0x6d,0x65,0x2e,0x74,0x61,0x70,0x42,0x75,0x64,0x67,
  0x65,0x74,0x29,0x29,0xa,0x20,0x20,0x20,0x20,0x7d,0xa,0xa,0x20,0x20,0x20,0x20,
  0x47,0x61,0x6d,0x65,0x4c,0x61,0x62,0x65,0x6c,0x20,0x7b,0xa,0x20,0x20,0x20,0x20,
  0x20,0x20,0x20,0x20,0x77,0x69,0x64,0x74,0x68,0x3a,0x20,0x70,0x61,0x72,0x65,0x6e,
  0x74,0x2e,0x77,0x69,0x64,0x74,0x68,0xa,0x20,0x20,0x20,0x20,0x20,0x20,0x20,0x20,
  0x68,0x6f,0x72,0x69,0x7a,0x6f,0x6e,0x74,0x61,0x6c,0x41,0x6c,0x69,0x67,0x6e,0x6d,
  0x65,0x6e,0x74,0x3a,0x20,0x54,0x65,0x78,0x74,0x2e,0x41,0x6c,0x69,0x67,0x6e,0x48,
  0x43,0x65,0x6e,0x74,0x65,0x72,0xa,0x20,0x20,0x20,0x20,0x20,0x20,0x20,0x20,0x66,
  0x6f,0x6e,0x74,0x2e,0x70,0x69,0x78,0x65,0x6c,0x53,0x69,0x7a,0x65,0x3a,0x20,0x31,
  0x35,0xa,0x20,0x20,0x20,0x20,0x20,0x20,0x20,0x20,0x63,0x6f,0x6c,0x6f,0x72,0x3a,
  0x20,0x54,0x68,0x65,0x6d,0x65,0x2e,0x61,0x63,0x63,0x65,0x6e,0x74,0xa,0x20,0x20,
  0x20,0x20,0x20,0x20,0x20,0x20,0x77,0x72,0x61,0x70,0x4d,0x6f,0x64,0x65,0x3a,0x20,
  0x54,0x65,0x78,0x74,0x2e,0x57,0x6f,0x72,0x64,0x57,0x72,0x61,0x70,0xa,0x20,0x20,
  0x20,0x20,0x20,0x20,0x20,0x20,0x76,0x69,0x73,0x69,0x62,0x6c,0x65,0x3a,0x20,0x6f,
  0x76,0x65,0x72,0x6c,0x61,0x79,0x2e,0x77,0x6f,0x6e,0x20,0x26,0x26,0x20,0x21,0x6f,
  0x76,0x65,0x72,0x6c,0x61,0x79,0x2e,0x68,0x61,0x73,0x4e,0x65,0x78,0x74,0xa,0x20,
  0x20,0x20,0x20,0x20,0x20,0x20,0x20,0x74,0x65,0x78,0x74,0x3a,0x20,0x71,0x73,0x54,
  0x72,0x28,0x22,0x54,0x68,0x61,0x74,0x20,0x77,0x61,0x73,0x20,0x74,0x68,0x65,0x20,
  0x6c,0x61,0x73,0x74,0x20,0x6c,0x65,0x76,0x65,0x6c,0x2e,0x20,0x4e,0x69,0x63,0x65,
  0x6c,0x79,0x20,0x64,0x6f,0x6e,0x65,0x2e,0x22,0x29,0xa,0x20,0x20,0x20,0x20,0x7d,
  0xa,0xa,0x20,0x20,0x20,0x20,0x50,0x6f,0x70,0x42,0x75,0x74,0x74,0x6f,0x6e,0x20,
  0x7b,0xa,0x20,0x20,0x20,0x20,0x20,0x20,0x20,0x20,0x77,0x69,0x64,0x74,0x68,0x3a,
  0x20,0x70,0x61,0x72,0x65,0x6e,0x74,0x2e,0x77,0x69,0x64,0x74,0x68,0xa,0x20,0x20,
  0x20,0x20,0x20,0x20,0x20,0x20,0x76,0x69,0x73,0x69,0x62,0x6c,0x65,0x3a,0x20,0x6f,
  0x76,0x65,0x72,0x6c,0x61,0x79,0x2e,0x77,0x6f,0x6e,0x20,0x26,0x26,0x20,0x6f,0x76,
  0x65,0x72,0x6c,0x61,0x79,0x2e,0x68,0x61,0x73,0x4e,0x65,0x78,0x74,0xa,0x20,0x20,
  0x20,0x20,0x20,0x20,0x20,0x20,0x74,0x69,0x6e,0x74,0x3a,0x20,0x22,0x23,0x37,0x63,
  0x62,0x38,0x33,0x32,0x22,0xa,0x20,0x20,0x20,0x20,0x20,0x20,0x20,0x20,0x74,0x65,
  0x78,0x74,0x3a,0x20,0x71,0x73,0x54,0x72,0x28,0x22,0x4e,0x45,0x58,0x54,0x20,0x4c,
  0x45,0x56,0x45,0x4c,0x22,0x29,0xa,0x20,0x20,0x20,0x20,0x20,0x20,0x20,0x20,0x6f,
  0x6e,0x43,0x6c,0x69,0x63,0x6b,0x65,0x64,0x3a,0x20,0x6f,0x76,0x65,0x72,0x6c,0x61,
  0x79,0x2e,0x67,0x61,0x6d,0x65,0x2e,0x6e,0x65,0x78,0x74,0x4c,0x65,0x76,0x65,0x6c,
  0x28,0x29,0xa,0x20,0x20,0x20,0x20,0x7d,0xa,0xa,0x20,0x20,0x20,0x20,0x50,0x6f,
  0x70,0x42,0x75,0x74,0x74,0x6f,0x6e,0x20,0x7b,0xa,0x20,0x20,0x20,0x20,0x20,0x20,
  0x20,0x20,0x77,0x69,0x64,0x74,0x68,0x3a,0x20,0x70,0x61,0x72,0x65,0x6e,0x74,0x2e,
  0x77,0x69,0x64,0x74,0x68,0xa,0x20,0x20,0x20,0x20,0x20,0x20,0x20,0x20,0x74,0x69,
  0x6e,0x74,0x3a,0x20,0x6f,0x76,0x65,0x72,0x6c,0x61,0x79,0x2e,0x77,0x6f,0x6e,0x20,
  0x3f,0x20,0x54,0x68,0x65,0x6d,0x65,0x2e,0x61,0x63,0x63,0x65,0x6e,0x74,0x20,0x3a,
  0x20,0x22,0x23,0x65,0x32,0x37,0x36,0x32,0x66,0x22,0xa,0x20,0x20,0x20,0x20,0x20,
  0x20,0x20,0x20,0x74,0x65,0x78,0x74,0x3a,0x20,0x6f,0x76,0x65,0x72,0x6c,0x61,0x79,
  0x2e,0x77,0x6f,0x6e,0x20,0x3f,0x20,0x71,0x73,0x54,0x72,0x28,0x22,0x52,0x45,0x50,
  0x4c,0x41,0x59,0x22,0x29,0x20,0x3a,0x20,0x71,0x73,0x54,0x72,0x28,0x22,0x54,0x52,
  0x59,0x20,0x41,0x47,0x41,0x49,0x4e,0x22,0x29,0xa,0x20,0x20,0x20,0x20,0x20,0x20,
  0x20,0x20,0x6f,0x6e,0x43,0x6c,0x69,0x63,0x6b,0x65,0x64,0x3a,0x20,0x6f,0x76,0x65,
  0x72,0x6c,0x61,0x79,0x2e,0x67,0x61,0x6d,0x65,0x2e,0x72,0x65,0x73,0x74,0x61,0x72,
  0x74,0x4c,0x65,0x76,0x65,0x6c,0x28,0x29,0xa,0x20,0x20,0x20,0x20,0x7d,0xa,0xa,
  0x20,0x20,0x20,0x20,0x50,0x6f,0x70,0x42,0x75,0x74,0x74,0x6f,0x6e,0x20,0x7b,0xa,
  0x20,0x20,0x20,0x20,0x20,0x20,0x20,0x20,0x77,0x69,0x64,0x74,0x68,0x3a,0x20,0x70,
  0x61,0x72,0x65,0x6e,0x74,0x2e,0x77,0x69,0x64,0x74,0x68,0xa,0x20,0x20,0x20,0x20,
  0x20,0x20,0x20,0x20,0x74,0x69,0x6e,0x74,0x3a,0x20,0x22,0x23,0x39,0x36,0x36,0x39,
  0x33,0x63,0x22,0xa,0x20,0x20,0x20,0x20,0x20,0x20,0x20,0x20,0x74,0x65,0x78,0x74,
  0x3a,0x20,0x71,0x73,0x54,0x72,0x28,0x22,0x4c,0x45,0x56,0x45,0x4c,0x53,0x22,0x29,
  0xa,0x20,0x20,0x20,0x20,0x20,0x20,0x20,0x20,0x6f,0x6e,0x43,0x6c,0x69,0x63,0x6b,
  0x65,0x64,0x3a,0x20,0x6f,0x76,0x65,0x72,0x6c,0x61,0x79,0x2e,0x6c,0x65,0x76,0x65,
  0x6c,0x73,0x52,0x65,0x71,0x75,0x65,0x73,0x74,0x65,0x64,0x28,0x29,0xa,0x20,0x20,
  0x20,0x20,0x7d,0xa,0x7d,0xa,
    // PopButton.qml
  0x0,0x0,0x4,0x3e,
  0x69,
  0x6d,0x70,0x6f,0x72,0x74,0x20,0x51,0x74,0x51,0x75,0x69,0x63,0x6b,0xa,0x69,0x6d,
  0x70,0x6f,0x72,0x74,0x20,0x51,0x74,0x51,0x75,0x69,0x63,0x6b,0x2e,0x43,0x6f,0x6e,
  0x74,0x72,0x6f,0x6c,0x73,0x2e,0x42,0x61,0x73,0x69,0x63,0xa,0xa,0x42,0x75,0x74,
  0x74,0x6f,0x6e,0x20,0x7b,0xa,0x20,0x20,0x20,0x20,0x69,0x64,0x3a,0x20,0x63,0x6f,
  0x6e,0x74,0x72,0x6f,0x6c,0xa,0xa,0x20,0x20,0x20,0x20,0x70,0x72,0x6f,0x70,0x65,
  0x72,0x74,0x79,0x20,0x63,0x6f,0x6c,0x6f,0x72,0x20,0x74,0x69,0x6e,0x74,0x3a,0x20,
  0x54,0x68,0x65,0x6d,0x65,0x2e,0x61,0x63,0x63,0x65,0x6e,0x74,0xa,0xa,0x20,0x20,
  0x20,0x20,0x69,0x6d,0x70,0x6c,0x69,0x63,0x69,0x74,0x57,0x69,0x64,0x74,0x68,0x3a,
  0x20,0x32,0x31,0x30,0xa,0x20,0x20,0x20,0x20,0x69,0x6d,0x70,0x6c,0x69,0x63,0x69,
  0x74,0x48,0x65,0x69,0x67,0x68,0x74,0x3a,0x20,0x35,0x30,0xa,0x20,0x20,0x20,0x20,
  0x73,0x63,0x61,0x6c,0x65,0x3a,0x20,0x70,0x72,0x65,0x73,0x73,0x65,0x64,0x20,0x3f,
  0x20,0x30,0x2e,0x39,0x36,0x20,0x3a,0x20,0x31,0x2e,0x30,0xa,0x20,0x20,0x20,0x20,
  0x6f,0x70,0x61,0x63,0x69,0x74,0x79,0x3a,0x20,0x65,0x6e,0x61,0x62,0x6c,0x65,0x64,
  0x20,0x3f,0x20,0x31,0x2e,0x30,0x20,0x3a,0x20,0x30,0x2e,0x34,0x35,0xa,0xa,0x20,
  0x20,0x20,0x20,0x42,0x65,0x68,0x61,0x76,0x69,0x6f,0x72,0x20,0x6f,0x6e,0x20,0x73,
  0x63,0x61,0x6c,0x65,0x20,0x7b,0xa,0x20,0x20,0x20,0x20,0x20,0x20,0x20,0x20,0x53,
  0x63,0x61,0x6c,0x65,0x41,0x6e,0x69,0x6d,0x61,0x74,0x6f,0x72,0x20,0x7b,0x20,0x64,
  0x75,0x72,0x61,0x74,0x69,0x6f,0x6e,0x3a,0x20,0x39,0x30,0x20,0x7d,0xa,0x20,0x20,
  0x20,0x20,0x7d,0xa,0xa,0x20,0x20,0x20,0x20,0x62,0x61,0x63,0x6b,0x67,0x72,0x6f,
  0x75,0x6e,0x64,0x3a,0x20,0x52,0x65,0x63,0x74,0x61,0x6e,0x67,0x6c,0x65,0x20,0x7b,
  0xa,0x20,0x20,0x20,0x20,0x20,0x20,0x20,0x20,0x72,0x61,0x64,0x69,0x75,0x73,0x3a,
  0x20,0x68,0x65,0x69,0x67,0x68,0x74,0x20,0x2f,0x20,0x32,0xa,0x20,0x20,0x20,0x20,
  0x20,0x20,0x20,0x20,0x62,0x6f,0x72,0x64,0x65,0x72,0x2e,0x77,0x69,0x64,0x74,0x68,
  0x3a,0x20,0x32,0xa,0x20,0x20,0x20,0x20,0x20,0x20,0x20,0x20,0x62,0x6f,0x72,0x64,
  0x65,0x72,0x2e,0x63,0x6f,0x6c,0x6f,0x72,0x3a,0x20,0x51,0x74,0x2e,0x64,0x61,0x72,
  0x6b,0x65,0x72,0x28,0x63,0x6f,0x6e,0x74,0x72,0x6f,0x6c,0x2e,0x74,0x69,0x6e,0x74,
  0x2c,0x20,0x31,0x2e,0x36,0x29,0xa,0x20,0x20,0x20,0x20,0x20,0x20,0x20,0x20,0x67,
  0x72,0x61,0x64,0x69,0x65,0x6e,0x74,0x3a,0x20,0x47,0x72,0x61,0x64,0x69,0x65,0x6e,
  0x74,0x20,0x7b,0xa,0x20,0x20,0x20,0x20,0x20,0x20,0x20,0x20,0x20,0x20,0x20,0x20,
  0x47,0x72,0x61,0x64,0x69,0x65,0x6e,0x74,0x53,0x74,0x6f,0x70,0x20,0x7b,0x20,0x70,
  0x6f,0x73,0x69,0x74,0x69,0x6f,0x6e,0x3a,0x20,0x30,0x2e,0x30,0x3b,0x20,0x63,0x6f,
  0x6c,0x6f,0x72,0x3a,0x20,0x51,0x74,0x2e,0x6c,0x69,0x67,0x68,0x74,0x65,0x72,0x28,
  0x63,0x6f,0x6e,0x74,0x72,0x6f,0x6c,0x2e,0x74,0x69,0x6e,0x74,0x2c,0x20,0x31,0x2e,
  0x33,0x32,0x29,0x20,0x7d,0xa,0x20,0x20,0x20,0x20,0x20,0x20,0x20,0x20,0x20,0x20,
  0x20,0x20,0x47,0x72,0x61,0x64,0x69,0x65,0x6e,0x74,0x53,0x74,0x6f,0x70,0x20,0x7b,
  0x20,0x70,0x6f,0x73,0x69,0x74,0x69,0x6f,0x6e,0x3a,0x20,0x31,0x2e,0x30,0x3b,0x20,
  0x63,0x6f,0x6c,0x6f,0x72,0x3a,0x20,0x51,0x74,0x2e,0x64,0x61,0x72,0x6b,0x65,0x72,
  0x28,0x63,0x6f,0x6e,0x74,0x72,0x6f,0x6c,0x2e,0x74,0x69,0x6e,0x74,0x2c,0x20,0x31,
  0x2e,0x31,0x38,0x29,0x20,0x7d,0xa,0x20,0x20,0x20,0x20,0x20,0x20,0x20,0x20,0x7d,
  0xa,0xa,0x20,0x20,0x20,0x20,0x20,0x20,0x20,0x20,0x52,0x65,0x63,0x74,0x61,0x6e,
  0x67,0x6c,0x65,0x20,0x7b,0xa,0x20,0x20,0x20,0x20,0x20,0x20,0x20,0x20,0x20,0x20,
  0x20,0x20,0x77,0x69,0x64,0x74,0x68,0x3a,0x20,0x70,0x61,0x72,0x65,0x6e,0x74,0x2e,
  0x77,0x69,0x64,0x74,0x68,0x20,0x2a,0x20,0x30,0x2e,0x38,0x32,0xa,0x20,0x20,0x20,
  0x20,0x20,0x20,0x20,0x20,0x20,0x20,0x20,0x20,0x68,0x65,0x69,0x67,0x68,0x74,0x3a,
  0x20,0x70,0x61,0x72,0x65,0x6e,0x74,0x2e,0x68,0x65,0x69,0x67,0x68,0x74,0x20,0x2a,
  0x20,0x30,0x2e,0x33,0xa,0x20,0x20,0x20,0x20,0x20,0x20,0x20,0x20,0x20,0x20,0x20,
  0x20,0x61,0x6e,0x63,0x68,0x6f,0x72,0x73,0x2e,0x68,0x6f,0x72,0x69,0x7a,0x6f,0x6e,
  0x74,0x61,0x6c,0x43,0x65,0x6e,0x74,0x65,0x72,0x3a,0x20,0x70,0x61,0x72,0x65,0x6e,
  0x74,0x2e,0x68,0x6f,0x72,0x69,0x7a,0x6f,0x6e,0x74,0x61,0x6c,0x43,0x65,0x6e,0x74,
  0x65,0x72,0xa,0x20,0x20,0x20,0x20,0x20,0x20,0x20,0x20,0x20,0x20,0x20,0x20,0x79,
  0x3a,0x20,0x70,0x61,0x72,0x65,0x6e,0x74,0x2e,0x68,0x65,0x69,0x67,0x68,0x74,0x20,
  0x2a,0x20,0x30,0x2e,0x31,0x32,0xa,0x20,0x20,0x20,0x20,0x20,0x20,0x20,0x20,0x20,
  0x20,0x20,0x20,0x72,0x61,0x64,0x69,0x75,0x73,0x3a,0x20,0x68,0x65,0x69,0x67,0x68,
  0x74,0x20,0x2f,0x20,0x32,0xa,0x20,0x20,0x20,0x20,0x20,0x20,0x20,0x20,0x20,0x20,
  0x20,0x20,0x63,0x6f,0x6c,0x6f,0x72,0x3a,0x20,0x22,0x23,0x33,0x38,0x66,0x66,0x66,
  0x66,0x66,0x66,0x22,0xa,0x20,0x20,0x20,0x20,0x20,0x20,0x20,0x20,0x7d,0xa,0x20,
  0x20,0x20,0x20,0x7d,0xa,0xa,0x20,0x20,0x20,0x20,0x63,0x6f,0x6e,0x74,0x65,0x6e,
  0x74,0x49,0x74,0x65,0x6d,0x3a,0x20,0x47,0x61,0x6d,0x65,0x4c,0x61,0x62,0x65,0x6c,
  0x20,0x7b,0xa,0x20,0x20,0x20,0x20,0x20,0x20,0x20,0x20,0x74,0x65,0x78,0x74,0x3a,
  0x20,0x63,0x6f,0x6e,0x74,0x72,0x6f,0x6c,0x2e,0x74,0x65,0x78,0x74,0xa,0x20,0x20,
  0x20,0x20,0x20,0x20,0x20,0x20,0x66,0x6f,0x6e,0x74,0x2e,0x70,0x69,0x78,0x65,0x6c,
  0x53,0x69,0x7a,0x65,0x3a,0x20,0x31,0x37,0xa,0x20,0x20,0x20,0x20,0x20,0x20,0x20,
  0x20,0x68,0x6f,0x72,0x69,0x7a,0x6f,0x6e,0x74,0x61,0x6c,0x41,0x6c,0x69,0x67,0x6e,
  0x6d,0x65,0x6e,0x74,0x3a,0x20,0x54,0x65,0x78,0x74,0x2e,0x41,0x6c,0x69,0x67,0x6e,
  0x48,0x43,0x65,0x6e,0x74,0x65,0x72,0xa,0x20,0x20,0x20,0x20,0x20,0x20,0x20,0x20,
  0x76,0x65,0x72,0x74,0x69,0x63,0x61,0x6c,0x41,0x6c,0x69,0x67,0x6e,0x6d,0x65,0x6e,
  0x74,0x3a,0x20,0x54,0x65,0x78,0x74,0x2e,0x41,0x6c,0x69,0x67,0x6e,0x56,0x43,0x65,
  0x6e,0x74,0x65,0x72,0xa,0x20,0x20,0x20,0x20,0x7d,0xa,0x7d,0xa,
    // GameLabel.qml
  0x0,0x0,0x0,0xf1,
  0x69,
  0x6d,0x70,0x6f,0x72,0x74,0x20,0x51,0x74,0x51,0x75,0x69,0x63,0x6b,0xa,0xa,0x54,
  0x65,0x78,0x74,0x20,0x7b,0xa,0x20,0x20,0x20,0x20,0x66,0x6f,0x6e,0x74,0x2e,0x66,
  0x61,0x6d,0x69,0x6c,0x79,0x3a,0x20,0x54,0x68,0x65,0x6d,0x65,0x2e,0x64,0x69,0x73,
  0x70,0x6c,0x61,0x79,0x46,0x6f,0x6e,0x74,0xa,0x20,0x20,0x20,0x20,0x66,0x6f,0x6e,
  0x74,0x2e,0x62,0x6f,0x6c,0x64,0x3a,0x20,0x74,0x72,0x75,0x65,0xa,0x20,0x20,0x20,
  0x20,0x66,0x6f,0x6e,0x74,0x2e,0x70,0x69,0x78,0x65,0x6c,0x53,0x69,0x7a,0x65,0x3a,
  0x20,0x31,0x35,0xa,0x20,0x20,0x20,0x20,0x66,0x6f,0x6e,0x74,0x2e,0x6c,0x65,0x74,
  0x74,0x65,0x72,0x53,0x70,0x61,0x63,0x69,0x6e,0x67,0x3a,0x20,0x31,0x2e,0x32,0xa,
  0x20,0x20,0x20,0x20,0x63,0x6f,0x6c,0x6f,0x72,0x3a,0x20,0x54,0x68,0x65,0x6d,0x65,
  0x2e,0x69,0x6e,0x6b,0xa,0x20,0x20,0x20,0x20,0x73,0x74,0x79,0x6c,0x65,0x3a,0x20,
  0x54,0x65,0x78,0x74,0x2e,0x4f,0x75,0x74,0x6c,0x69,0x6e,0x65,0xa,0x20,0x20,0x20,
  0x20,0x73,0x74,0x79,0x6c,0x65,0x43,0x6f,0x6c,0x6f,0x72,0x3a,0x20,0x54,0x68,0x65,
  0x6d,0x65,0x2e,0x69,0x6e,0x6b,0x53,0x68,0x61,0x64,0x6f,0x77,0xa,0x20,0x20,0x20,
  0x20,0x72,0x65,0x6e,0x64,0x65,0x72,0x54,0x79,0x70,0x65,0x3a,0x20,0x54,0x65,0x78,
  0x74,0x2e,0x51,0x74,0x52,0x65,0x6e,0x64,0x65,0x72,0x69,0x6e,0x67,0xa,0x7d,0xa,
  
    // BottomBar.qml
  0x0,0x0,0x4,0x4a,
  0x69,
  0x6d,0x70,0x6f,0x72,0x74,0x20,0x51,0x74,0x51,0x75,0x69,0x63,0x6b,0xa,0x69,0x6d,
  0x70,0x6f,0x72,0x74,0x20,0x51,0x74,0x51,0x75,0x69,0x63,0x6b,0x2e,0x4c,0x61,0x79,
  0x6f,0x75,0x74,0x73,0xa,0xa,0x52,0x65,0x63,0x74,0x61,0x6e,0x67,0x6c,0x65,0x20,
  0x7b,0xa,0x20,0x20,0x20,0x20,0x69,0x64,0x3a,0x20,0x62,0x61,0x72,0xa,0xa,0x20,
  0x20,0x20,0x20,0x72,0x65,0x71,0x75,0x69,0x72,0x65,0x64,0x20,0x70,0x72,0x6f,0x70,
  0x65,0x72,0x74,0x79,0x20,0x47,0x61,0x6d,0x65,0x45,0x6e,0x67,0x69,0x6e,0x65,0x20,
  0x67,0x61,0x6d,0x65,0xa,0xa,0x20,0x20,0x20,0x20,0x69,0x6d,0x70,0x6c,0x69,0x63,
  0x69,0x74,0x48,0x65,0x69,0x67,0x68,0x74,0x3a,0x20,0x34,0x36,0xa,0x20,0x20,0x20,
  0x20,0x63,0x6f,0x6c,0x6f,0x72,0x3a,0x20,0x54,0x68,0x65,0x6d,0x65,0x2e,0x62,0x61,
  0x72,0xa,0xa,0x20,0x20,0x20,0x20,0x52,0x65,0x63,0x74,0x61,0x6e,0x67,0x6c,0x65,
  0x20,0x7b,0xa,0x20,0x20,0x20,0x20,0x20,0x20,0x20,0x20,0x61,0x6e,0x63,0x68,0x6f,
  0x72,0x73,0x2e,0x6c,0x65,0x66,0x74,0x3a,0x20,0x70,0x61,0x72,0x65,0x6e,0x74,0x2e,
  0x6c,0x65,0x66,0x74,0xa,0x20,0x20,0x20,0x20,0x20,0x20,0x20,0x20,0x61,0x6e,0x63,
  0x68,0x6f,0x72,0x73,0x2e,0x72,0x69,0x67,0x68,0x74,0x3a,0x20,0x70,0x61,0x72,0x65,
  0x6e,0x74,0x2e,0x72,0x69,0x67,0x68,0x74,0xa,0x20,0x20,0x20,0x20,0x20,0x20,0x20,
  0x20,0x61,0x6e,0x63,0x68,0x6f,0x72,0x73,0x2e,0x74,0x6f,0x70,0x3a,0x20,0x70,0x61,
  0x72,0x65,0x6e,0x74,0x2e,0x74,0x6f,0x70,0xa,0x20,0x20,0x20,0x20,0x20,0x20,0x20,
  0x20,0x68,0x65,0x69,0x67,0x68,0x74,0x3a,0x20,0x32,0xa,0x20,0x20,0x20,0x20,0x20,
  0x20,0x20,0x20,0x63,0x6f,0x6c,0x6f,0x72,0x3a,0x20,0x54,0x68,0x65,0x6d,0x65,0x2e,
  0x62,0x61,0x72,0x45,0x64,0x67,0x65,0xa,0x20,0x20,0x20,0x20,0x20,0x20,0x20,0x20,
  0x6f,0x70,0x61,0x63,0x69,0x74,0x79,0x3a,0x20,0x30,0x2e,0x35,0x35,0xa,0x20,0x20,
  0x20,0x20,0x7d,0xa,0xa,0x20,0x20,0x20,0x20,0x52,0x6f,0x77,0x4c,0x61,0x79,0x6f,
  0x75,0x74,0x20,0x7b,0xa,0x20,0x20,0x20,0x20,0x20,0x20,0x20,0x20,0x61,0x6e,0x63,
  0x68,0x6f,0x72,0x73,0x2e,0x66,0x69,0x6c,0x6c,0x3a,0x20,0x70,0x61,0x72,0x65,0x6e,
  0x74,0xa,0x20,0x20,0x20,0x20,0x20,0x20,0x20,0x20,0x61,0x6e,0x63,0x68,0x6f,0x72,
  0x73,0x2e,0x6c,0x65,0x66,0x74,0x4d,0x61,0x72,0x67,0x69,0x6e,0x3a,0x20,0x31,0x38,
  0xa,0x20,0x20,0x20,0x20,0x20,0x20,0x20,0x20,0x61,0x6e,0x63,0x68,0x6f,0x72,0x73,
  0x2e,0x72,0x69,0x67,0x68,0x74,0x4d,0x61,0x72,0x67,0x69,0x6e,0x3a,0x20,0x31,0x38,
  0xa,0xa,0x20,0x20,0x20,0x20,0x20,0x20,0x20,0x20,0x48,0x75,0x64,0x53,0x74,0x61,
  0x74,0x20,0x7b,0xa,0x20,0x20,0x20,0x20,0x20,0x20,0x20,0x20,0x20,0x20,0x20,0x20,
  0x4c,0x61,0x79,0x6f,0x75,0x74,0x2e,0x61,0x6c,0x69,0x67,0x6e,0x6d,0x65,0x6e,0x74,
  0x3a,0x20,0x51,0x74,0x2e,0x41,0x6c,0x69,0x67,0x6e,0x56,0x43,0x65,0x6e,0x74,0x65,
  0x72,0xa,0x20,0x20,0x20,0x20,0x20,0x20,0x20,0x20,0x20,0x20,0x20,0x20,0x66,0x6f,
  0x6e,0x74,0x53,0x69,0x7a,0x65,0x3a,0x20,0x31,0x34,0xa,0x20,0x20,0x20,0x20,0x20,
  0x20,0x20,0x20,0x20,0x20,0x20,0x20,0x6c,0x61,0x62,0x65,0x6c,0x3a,0x20,0x71,0x73,
  0x54,0x72,0x28,0x22,0x54,0x4f,0x55,0x43,0x48,0x45,0x53,0x3a,0x22,0x29,0xa,0x20,
  0x20,0x20,0x20,0x20,0x20,0x20,0x20,0x20,0x20,0x20,0x20,0x76,0x61,0x6c,0x75,0x65,
  0x3a,0x20,0x62,0x61,0x72,0x2e,0x67,0x61,0x6d,0x65,0x2e,0x74,0x61,0x70,0x73,0x55,
  0x73,0x65,0x64,0xa,0x20,0x20,0x20,0x20,0x20,0x20,0x20,0x20,0x7d,0xa,0xa,0x20,
  0x20,0x20,0x20,0x20,0x20,0x20,0x20,0x49,0x74,0x65,0x6d,0x20,0x7b,0xa,0x20,0x20,
  0x20,0x20,0x20,0x20,0x20,0x20,0x20,0x20,0x20,0x20,0x4c,0x61,0x79,0x6f,0x75,0x74,
  0x2e,0x66,0x69,0x6c,0x6c,0x57,0x69,0x64,0x74,0x68,0x3a,0x20,0x74,0x72,0x75,0x65,
  0xa,0x20,0x20,0x20,0x20,0x20,0x20,0x20,0x20,0x7d,0xa,0xa,0x20,0x20,0x20,0x20,
  0x20,0x20,0x20,0x20,0x48,0x75,0x64,0x53,0x74,0x61,0x74,0x20,0x7b,0xa,0x20,0x20,
  0x20,0x20,0x20,0x20,0x20,0x20,0x20,0x20,0x20,0x20,0x4c,0x61,0x79,0x6f,0x75,0x74,
  0x2e,0x61,0x6c,0x69,0x67,0x6e,0x6d,0x65,0x6e,0x74,0x3a,0x20,0x51,0x74,0x2e,0x41,
  0x6c,0x69,0x67,0x6e,0x56,0x43,0x65,0x6e,0x74,0x65,0x72,0xa,0x20,0x20,0x20,0x20,
  0x20,0x20,0x20,0x20,0x20,0x20,0x20,0x20,0x66,0x6f,0x6e,0x74,0x53,0x69,0x7a,0x65,
  0x3a,0x20,0x31,0x34,0xa,0x20,0x20,0x20,0x20,0x20,0x20,0x20,0x20,0x20,0x20,0x20,
  0x20,0x6c,0x61,0x62,0x65,0x6c,0x3a,0x20,0x71,0x73,0x54,0x72,0x28,0x22,0x4c,0x45,
  0x56,0x45,0x4c,0x3a,0x22,0x29,0xa,0x20,0x20,0x20,0x20,0x20,0x20,0x20,0x20,0x20,
  0x20,0x20,0x20,0x76,0x61,0x6c,0x75,0x65,0x3a,0x20,0x62,0x61,0x72,0x2e,0x67,0x61,
  0x6d,0x65,0x2e,0x6c,0x65,0x76,0x65,0x6c,0x49,0x6e,0x64,0x65,0x78,0x20,0x2b,0x20,
  0x31,0xa,0x20,0x20,0x20,0x20,0x20,0x20,0x20,0x20,0x7d,0xa,0xa,0x20,0x20,0x20,
  0x20,0x20,0x20,0x20,0x20,0x49,0x74,0x65,0x6d,0x20,0x7b,0xa,0x20,0x20,0x20,0x20,
  0x20,0x20,0x20,0x20,0x20,0x20,0x20,0x20,0x4c,0x61,0x79,0x6f,0x75,0x74,0x2e,0x66,
  0x69,0x6c,0x6c,0x57,0x69,0x64,0x74,0x68,0x3a,0x20,0x74,0x72,0x75,0x65,0xa,0x20,
  0x20,0x20,0x20,0x20,0x20,0x20,0x20,0x7d,0xa,0xa,0x20,0x20,0x20,0x20,0x20,0x20,
  0x20,0x20,0x48,0x75,0x64,0x53,0x74,0x61,0x74,0x20,0x7b,0xa,0x20,0x20,0x20,0x20,
  0x20,0x20,0x20,0x20,0x20,0x20,0x20,0x20,0x4c,0x61,0x79,0x6f,0x75,0x74,0x2e,0x61,
  0x6c,0x69,0x67,0x6e,0x6d,0x65,0x6e,0x74,0x3a,0x20,0x51,0x74,0x2e,0x41,0x6c,0x69,
  0x67,0x6e,0x56,0x43,0x65,0x6e,0x74,0x65,0x72,0xa,0x20,0x20,0x20,0x20,0x20,0x20,
  0x20,0x20,0x20,0x20,0x20,0x20,0x66,0x6f,0x6e,0x74,0x53,0x69,0x7a,0x65,0x3a,0x20,
  0x31,0x34,0xa,0x20,0x20,0x20,0x20,0x20,0x20,0x20,0x20,0x20,0x20,0x20,0x20,0x6c,
  0x61,0x62,0x65,0x6c,0x3a,0x20,0x71,0x73,0x54,0x72,0x28,0x22,0x43,0x4f,0x4d,0x42,
  0x4f,0x3a,0x22,0x29,0xa,0x20,0x20,0x20,0x20,0x20,0x20,0x20,0x20,0x20,0x20,0x20,
  0x20,0x76,0x61,0x6c,0x75,0x65,0x3a,0x20,0x62,0x61,0x72,0x2e,0x67,0x61,0x6d,0x65,
  0x2e,0x63,0x6f,0x6d,0x62,0x6f,0xa,0x20,0x20,0x20,0x20,0x20,0x20,0x20,0x20,0x7d,
  0xa,0x20,0x20,0x20,0x20,0x7d,0xa,0x7d,0xa,
    // CreatureCell.qml
  0x0,0x0,0x3,0xaf,
  0x0,
  0x0,0xd,0x3d,0x78,0xda,0xad,0x56,0x4d,0x6f,0xdb,0x38,0x10,0xbd,0xeb,0x57,0xc,
  0x52,0xa0,0x88,0xb7,0x85,0x62,0xcb,0x76,0xd3,0x6a,0x91,0x5d,0xb4,0x45,0x51,0xf4,
  0xb0,0x28,0xd2,0xe4,0x56,0xf4,0xc0,0x48,0x63,0x89,0x88,0x44,0x6a,0x29,0xca,0x8e,
  0xb7,0xc8,0x7f,0xdf,0x21,0xf5,0x61,0x7d,0xda,0x2e,0x76,0x75,0x22,0x67,0x1e,0x39,
  0x6f,0xde,0x8c,0x46,0xe2,0x69,0x26,0x95,0x86,0x5b,0x7d,0x5b,0xf0,0xe0,0xd1,0x71,
  0xbe,0x68,0x4c,0xe1,0xa7,0x3,0xf4,0xf0,0xd0,0x87,0x0,0x93,0xc4,0xb1,0x3b,0x85,
  0x7f,0x17,0x5c,0x61,0x8,0x99,0x92,0x19,0x2a,0xbd,0x7,0x2e,0x34,0x68,0x8e,0xea,
  0x88,0xdb,0x1c,0xff,0x26,0x77,0x27,0x10,0x1f,0x65,0x52,0xa4,0xa2,0xc,0xd3,0x38,
  0x15,0xb2,0xc4,0x7a,0xef,0xf8,0x3f,0xe8,0xc3,0xbc,0x66,0xc1,0x42,0x29,0x92,0xfd,
  0x1,0xf7,0x20,0x65,0x2,0x2c,0xe1,0x5b,0x2,0x19,0x36,0xf0,0x7,0x61,0xd,0xf4,
  0xea,0xa,0x3e,0xa5,0x19,0x21,0xcc,0x25,0x39,0x3c,0x22,0x66,0xa0,0x63,0x4,0x43,
  0x41,0x9b,0xd0,0xb9,0x4,0x6,0x99,0xcc,0x60,0xc3,0x42,0xcc,0x41,0x16,0x9a,0x18,
  0x1,0xd7,0xb4,0xdc,0x9,0x8,0x64,0x22,0xb,0xe5,0x4e,0x44,0x35,0x5e,0x65,0xaf,
  0xf1,0xe1,0x3e,0xc6,0x14,0x5d,0x13,0xfb,0xa3,0xb1,0x7e,0xaf,0x59,0xc0,0x9f,0x25,
  0x21,0x1f,0x56,0x3f,0xba,0xb9,0x59,0xce,0xa,0xb7,0x94,0x22,0x92,0xc8,0x1b,0x96,
  0xe4,0x58,0xe6,0xb7,0xe3,0xa1,0x8e,0xfd,0x26,0x6f,0x6b,0x8b,0x91,0x47,0xb1,0xee,
  0x19,0x9f,0xfc,0x96,0x74,0xf0,0x5b,0xd7,0xb9,0xf7,0x6b,0xe5,0xfb,0x9e,0xf7,0x41,
  0x80,0x79,0xce,0x1f,0x12,0x74,0x79,0x24,0xa4,0x32,0xe1,0xb5,0x2a,0xaa,0xe8,0x24,
  0xd9,0x9d,0x66,0x51,0x84,0x46,0x23,0x96,0x48,0x11,0x59,0xc5,0x42,0xce,0x22,0x29,
  0xa8,0x1c,0x56,0x31,0x81,0x3b,0x48,0x88,0x3b,0x65,0x20,0x8d,0xb0,0xa4,0x19,0xcb,
  0xc9,0xbe,0x63,0x5b,0x2c,0xe5,0xba,0xe7,0x29,0xa5,0x5d,0x36,0x91,0x6d,0x24,0xa1,
  0x51,0x6d,0x59,0xe2,0x83,0xb7,0x22,0x42,0x97,0x86,0x91,0x5b,0x13,0x7c,0x5,0xcd,
  0xb6,0x4c,0x66,0xd6,0x9c,0x53,0x85,0x10,0x5c,0x44,0x15,0xc3,0xda,0x2a,0xc5,0xbd,
  0xe2,0x25,0xc7,0x32,0x4d,0xb7,0x56,0x12,0x6e,0xe,0xc8,0xe7,0x32,0xa3,0x56,0x3b,
  0xd7,0x2d,0xfd,0x20,0xc3,0xbd,0xd3,0x58,0x98,0x8,0x62,0xa9,0x72,0x8a,0x6f,0x48,
  0x7e,0x11,0x3e,0x64,0x4c,0xd1,0xba,0x1,0xb4,0x2a,0xe2,0x76,0xa4,0xec,0x97,0x66,
  0xe8,0xcd,0x3,0x62,0xd5,0xe7,0xf8,0xf2,0x65,0x69,0xb0,0x2d,0x4b,0x2d,0x72,0xe8,
  0x9e,0x3b,0x3,0xff,0x6e,0x9d,0x66,0xfb,0x83,0x1a,0x67,0xee,0xce,0xf,0x79,0x67,
  0x2c,0xe0,0xba,0x2a,0x6d,0x73,0x7c,0xe1,0xce,0x2b,0x5c,0x3,0xfc,0x80,0x31,0xdb,
  0x72,0x6a,0x4f,0x29,0x4a,0xa,0x2d,0x1,0xcc,0x63,0xe3,0xbc,0x17,0x3c,0x65,0x5a,
  0xaa,0x9e,0xcf,0x3c,0x61,0xa1,0x98,0xe6,0x92,0xa4,0xf0,0xe6,0xf3,0x81,0x17,0x59,
  0x4e,0x35,0x71,0xf5,0x3e,0xa3,0xd4,0x3e,0x95,0x9b,0xaf,0x85,0xfe,0xc0,0x68,0x7a,
  0x4c,0x60,0xe5,0x16,0x55,0x1e,0x4b,0x49,0x42,0x2d,0xdc,0x75,0x7,0xf5,0xec,0xc,
  0x57,0x6d,0xfe,0x55,0xd2,0x3d,0x96,0x5f,0x4b,0xeb,0x21,0x87,0x16,0xe7,0xc5,0x6a,
  0xde,0xb9,0xb5,0x59,0x7e,0xc3,0x40,0x33,0x11,0xd,0xe4,0xa8,0xa,0x5c,0x96,0xdd,
  0xb5,0xbb,0x8e,0xbf,0xae,0x71,0x5,0x28,0xb7,0x1d,0xc4,0xbe,0xe7,0xa4,0x1e,0xa7,
  0x82,0xac,0xbb,0x99,0x2a,0x16,0xf2,0x22,0xf7,0xcb,0x70,0x70,0x5,0x5e,0xc7,0x6b,
  0xe7,0x89,0xf,0x17,0x2f,0x96,0xe1,0xdc,0x3e,0x17,0xbf,0x92,0x42,0xdd,0xc4,0x1b,
  0x9e,0x24,0x83,0x6,0x3e,0x1d,0xfc,0x41,0xaa,0x10,0x95,0x5b,0x9,0xf1,0x17,0xd3,
  0xb1,0x9b,0xb2,0xa7,0xcb,0xc5,0xeb,0xa,0x6f,0xd3,0x59,0xcd,0xc6,0xce,0x54,0xbc,
  0x6f,0xb5,0x1b,0x32,0xf5,0x88,0xea,0xb2,0x6a,0x5f,0xa1,0x5f,0x9b,0x5a,0xaf,0xbb,
  0x87,0x22,0xc3,0x3,0xcd,0xcc,0xfc,0x5c,0xad,0x46,0xda,0xaf,0x76,0xdd,0x69,0x1a,
  0xcd,0x3f,0x69,0x40,0xe7,0xbc,0xac,0x2c,0x91,0xf8,0x1d,0xe,0x1,0x13,0x23,0xf5,
  0x20,0xe2,0xac,0x55,0xfc,0x33,0x6e,0x5c,0x7b,0xcd,0x95,0xcd,0x3d,0xbf,0x72,0xc3,
  0xa2,0xcb,0x69,0x4c,0x84,0xa5,0xd7,0xe7,0xf4,0x5f,0xdb,0xd3,0x16,0x64,0xf5,0xf6,
  0x74,0x97,0x5a,0xa0,0xb7,0xea,0x0,0x9f,0x46,0xee,0x5a,0xbc,0x3b,0xa3,0x9f,0xdf,
  0x8d,0x76,0x54,0x85,0x98,0xec,0xe7,0x75,0xb0,0xb1,0xcf,0x44,0x3f,0x67,0xc8,0x34,
  0xf6,0x87,0x50,0x2a,0x43,0x34,0x1f,0xb,0xa7,0x63,0x25,0x1b,0x46,0x84,0xf6,0xfb,
  0x43,0xbd,0x3d,0xdc,0x71,0x8f,0xce,0xc0,0x31,0xfe,0xe7,0xc1,0x45,0x88,0x4f,0x43,
  0x70,0xa5,0xb7,0xf9,0x4a,0xb4,0x14,0x5a,0xe,0x7,0x61,0xad,0xf8,0x70,0x62,0x54,
  0x32,0x77,0xae,0xb8,0xb4,0xe1,0xe0,0xe6,0xe6,0xc6,0xfe,0x18,0x90,0xe6,0xd7,0x76,
  0x6e,0xaf,0x97,0xb3,0xc1,0xd9,0x7d,0x75,0xb6,0x5d,0xc4,0xe5,0x90,0xe9,0x54,0xc7,
  0x9c,0x3d,0x15,0xce,0x9b,0xe,0x83,0x92,0x52,0x35,0xc3,0xcd,0x9b,0x8b,0x51,0xd0,
  0x59,0xa3,0xe4,0x7a,0x76,0xec,0x6c,0x13,0xc7,0xc3,0xfe,0x28,0x1c,0x69,0xa1,0x73,
  0xc5,0x98,0x7c,0x8d,0xde,0x8c,0xc2,0x8f,0x17,0x77,0xea,0x3d,0xf2,0xae,0x47,0xa1,
  0xa3,0xef,0xd3,0xd2,0xfb,0x3f,0x6a,0xb1,0x8,0xe8,0x7b,0xc7,0x2e,0x9c,0x51,0xd4,
  0x29,0x4d,0x8e,0xe9,0xb2,0x7c,0x3b,0x79,0xe4,0xb4,0x36,0x93,0x73,0x66,0x35,0x9,
  0x1f,0xd5,0xe8,0x8,0xfe,0x3c,0x9d,0x3a,0x5a,0x5,0xab,0xfe,0x28,0x1a,0x1f,0xca,
  0xe3,0x96,0xfe,0x9f,0xca,0xb3,0xf3,0xec,0xfc,0xb,0xe,0xad,0x6c,0xa8,
    // LevelSelectOverlay.qml
  0x0,0x0,0x2,0xac,
  0x69,
  0x6d,0x70,0x6f,0x72,0x74,0x20,0x51,0x74,0x51,0x75,0x69,0x63,0x6b,0xa,0xa,0x4f,
  0x76,0x65,0x72,0x6c,0x61,0x79,0x50,0x61,0x6e,0x65,0x6c,0x20,0x7b,0xa,0x20,0x20,
  0x20,0x20,0x69,0x64,0x3a,0x20,0x6f,0x76,0x65,0x72,0x6c,0x61,0x79,0xa,0xa,0x20,
  0x20,0x20,0x20,0x72,0x65,0x71,0x75,0x69,0x72,0x65,0x64,0x20,0x70,0x72,0x6f,0x70,
  0x65,0x72,0x74,0x79,0x20,0x47,0x61,0x6d,0x65,0x45,0x6e,0x67,0x69,0x6e,0x65,0x20,
  0x67,0x61,0x6d,0x65,0xa,0xa,0x20,0x20,0x20,0x20,0x73,0x69,0x67,0x6e,0x61,0x6c,
  0x20,0x63,0x6c,0x6f,0x73,0x65,0x64,0x28,0x29,0xa,0xa,0x20,0x20,0x20,0x20,0x74,
  0x69,0x74,0x6c,0x65,0x3a,0x20,0x71,0x73,0x54,0x72,0x28,0x22,0x4c,0x45,0x56,0x45,
  0x4c,0x53,0x22,0x29,0xa,0xa,0x20,0x20,0x20,0x20,0x47,0x72,0x69,0x64,0x20,0x7b,
  0xa,0x20,0x20,0x20,0x20,0x20,0x20,0x20,0x20,0x61,0x6e,0x63,0x68,0x6f,0x72,0x73,
  0x2e,0x68,0x6f,0x72,0x69,0x7a,0x6f,0x6e,0x74,0x61,0x6c,0x43,0x65,0x6e,0x74,0x65,
  0x72,0x3a,0x20,0x70,0x61,0x72,0x65,0x6e,0x74,0x2e,0x68,0x6f,0x72,0x69,0x7a,0x6f,
  0x6e,0x74,0x61,0x6c,0x43,0x65,0x6e,0x74,0x65,0x72,0xa,0x20,0x20,0x20,0x20,0x20,
  0x20,0x20,0x20,0x63,0x6f,0x6c,0x75,0x6d,0x6e,0x73,0x3a,0x20,0x33,0xa,0x20,0x20,
  0x20,0x20,0x20,0x20,0x20,0x20,0x73,0x70,0x61,0x63,0x69,0x6e,0x67,0x3a,0x20,0x31,
  0x30,0xa,0xa,0x20,0x20,0x20,0x20,0x20,0x20,0x20,0x20,0x52,0x65,0x70,0x65,0x61,
  0x74,0x65,0x72,0x20,0x7b,0xa,0x20,0x20,0x20,0x20,0x20,0x20,0x20,0x20,0x20,0x20,
  0x20,0x20,0x6d,0x6f,0x64,0x65,0x6c,0x3a,0x20,0x6f,0x76,0x65,0x72,0x6c,0x61,0x79,
  0x2e,0x67,0x61,0x6d,0x65,0x2e,0x6c,0x65,0x76,0x65,0x6c,0x43,0x6f,0x75,0x6e,0x74,
  0xa,0xa,0x20,0x20,0x20,0x20,0x20,0x20,0x20,0x20,0x20,0x20,0x20,0x20,0x64,0x65,
  0x6c,0x65,0x67,0x61,0x74,0x65,0x3a,0x20,0x4c,0x65,0x76,0x65,0x6c,0x54,0x69,0x6c,
  0x65,0x20,0x7b,0xa,0x20,0x20,0x20,0x20,0x20,0x20,0x20,0x20,0x20,0x20,0x20,0x20,
  0x20,0x20,0x20,0x20,0x67,0x61,0x6d,0x65,0x3a,0x20,0x6f,0x76,0x65,0x72,0x6c,0x61,
  0x79,0x2e,0x67,0x61,0x6d,0x65,0xa,0x20,0x20,0x20,0x20,0x20,0x20,0x20,0x20,0x20,
  0x20,0x20,0x20,0x20,0x20,0x20,0x20,0x6f,0x6e,0x43,0x6c,0x69,0x63,0x6b,0x65,0x64,
  0x3a,0x20,0x7b,0xa,0x20,0x20,0x20,0x20,0x20,0x20,0x20,0x20,0x20,0x20,0x20,0x20,
  0x20,0x20,0x20,0x20,0x20,0x20,0x20,0x20,0x6f,0x76,0x65,0x72,0x6c,0x61,0x79,0x2e,
  0x67,0x61,0x6d,0x65,0x2e,0x73,0x74,0x61,0x72,0x74,0x4c,0x65,0x76,0x65,0x6c,0x28,
  0x69,0x6e,0x64,0x65,0x78,0x29,0x3b,0xa,0x20,0x20,0x20,0x20,0x20,0x20,0x20,0x20,
  0x20,0x20,0x20,0x20,0x20,0x20,0x20,0x20,0x20,0x20,0x20,0x20,0x6f,0x76,0x65,0x72,
  0x6c,0x61,0x79,0x2e,0x63,0x6c,0x6f,0x73,0x65,0x64,0x28,0x29,0x3b,0xa,0x20,0x20,
  0x20,0x20,0x20,0x20,0x20,0x20,0x20,0x20,0x20,0x20,0x20,0x20,0x20,0x20,0x7d,0xa,
  0x20,0x20,0x20,0x20,0x20,0x20,0x20,0x20,0x20,0x20,0x20,0x20,0x7d,0xa,0x20,0x20,
  0x20,0x20,0x20,0x20,0x20,0x20,0x7d,0xa,0x20,0x20,0x20,0x20,0x7d,0xa,0xa,0x20,
  0x20,0x20,0x20,0x50,0x6f,0x70,0x42,0x75,0x74,0x74,0x6f,0x6e,0x20,0x7b,0xa,0x20,
  0x20,0x20,0x20,0x20,0x20,0x20,0x20,0x77,0x69,0x64,0x74,0x68,0x3a,0x20,0x70,0x61,
  0x72,0x65,0x6e,0x74,0x2e,0x77,0x69,0x64,0x74,0x68,0xa,0x20,0x20,0x20,0x20,0x20,
  0x20,0x20,0x20,0x74,0x69,0x6e,0x74,0x3a,0x20,0x22,0x23,0x39,0x36,0x36,0x39,0x33,
  0x63,0x22,0xa,0x20,0x20,0x20,0x20,0x20,0x20,0x20,0x20,0x74,0x65,0x78,0x74,0x3a,
  0x20,0x71,0x73,0x54,0x72,0x28,0x22,0x43,0x4c,0x4f,0x53,0x45,0x22,0x29,0xa,0x20,
  0x20,0x20,0x20,0x20,0x20,0x20,0x20,0x6f,0x6e,0x43,0x6c,0x69,0x63,0x6b,0x65,0x64,
  0x3a,0x20,0x6f,0x76,0x65,0x72,0x6c,0x61,0x79,0x2e,0x63,0x6c,0x6f,0x73,0x65,0x64,
  0x28,0x29,0xa,0x20,0x20,0x20,0x20,0x7d,0xa,0x7d,0xa,
    // LevelTile.qml
  0x0,0x0,0x6,0x5d,
  0x69,
  0x6d,0x70,0x6f,0x72,0x74,0x20,0x51,0x74,0x51,0x75,0x69,0x63,0x6b,0xa,0x69,0x6d,
  0x70,0x6f,0x72,0x74,0x20,0x51,0x74,0x51,0x75,0x69,0x63,0x6b,0x2e,0x43,0x6f,0x6e,
  0x74,0x72,0x6f,0x6c,0x73,0x2e,0x42,0x61,0x73,0x69,0x63,0xa,0xa,0x42,0x75,0x74,
  0x74,0x6f,0x6e,0x20,0x7b,0xa,0x20,0x20,0x20,0x20,0x69,0x64,0x3a,0x20,0x74,0x69,
  0x6c,0x65,0xa,0xa,0x20,0x20,0x20,0x20,0x72,0x65,0x71,0x75,0x69,0x72,0x65,0x64,
  0x20,0x70,0x72,0x6f,0x70,0x65,0x72,0x74,0x79,0x20,0x69,0x6e,0x74,0x20,0x69,0x6e,
  0x64,0x65,0x78,0xa,0x20,0x20,0x20,0x20,0x72,0x65,0x71,0x75,0x69,0x72,0x65,0x64,
  0x20,0x70,0x72,0x6f,0x70,0x65,0x72,0x74,0x79,0x20,0x47,0x61,0x6d,0x65,0x45,0x6e,
  0x67,0x69,0x6e,0x65,0x20,0x67,0x61,0x6d,0x65,0xa,0xa,0x20,0x20,0x20,0x20,0x72,
  0x65,0x61,0x64,0x6f,0x6e,0x6c,0x79,0x20,0x70,0x72,0x6f,0x70,0x65,0x72,0x74,0x79,
  0x20,0x62,0x6f,0x6f,0x6c,0x20,0x75,0x6e,0x6c,0x6f,0x63,0x6b,0x65,0x64,0x3a,0x20,
  0x69,0x6e,0x64,0x65,0x78,0x20,0x3c,0x3d,0x20,0x67,0x61,0x6d,0x65,0x2e,0x68,0x69,
  0x67,0x68,0x65,0x73,0x74,0x55,0x6e,0x6c,0x6f,0x63,0x6b,0x65,0x64,0x4c,0x65,0x76,
  0x65,0x6c,0xa,0x20,0x20,0x20,0x20,0x72,0x65,0x61,0x64,0x6f,0x6e,0x6c,0x79,0x20,
  0x70,0x72,0x6f,0x70,0x65,0x72,0x74,0x79,0x20,0x69,0x6e,0x74,0x20,0x62,0x65,0x73,
  0x74,0x3a,0x20,0x67,0x61,0x6d,0x65,0x2e,0x62,0x65,0x73,0x74,0x53,0x63,0x6f,0x72,
  0x65,0x28,0x69,0x6e,0x64,0x65,0x78,0x29,0xa,0xa,0x20,0x20,0x20,0x20,0x69,0x6d,
  0x70,0x6c,0x69,0x63,0x69,0x74,0x57,0x69,0x64,0x74,0x68,0x3a,0x20,0x39,0x34,0xa,
  0x20,0x20,0x20,0x20,0x69,0x6d,0x70,0x6c,0x69,0x63,0x69,0x74,0x48,0x65,0x69,0x67,
  0x68,0x74,0x3a,0x20,0x38,0x34,0xa,0x20,0x20,0x20,0x20,0x65,0x6e,0x61,0x62,0x6c,
  0x65,0x64,0x3a,0x20,0x75,0x6e,0x6c,0x6f,0x63,0x6b,0x65,0x64,0xa,0x20,0x20,0x20,
  0x20,0x6f,0x70,0x61,0x63,0x69,0x74,0x79,0x3a,0x20,0x75,0x6e,0x6c,0x6f,0x63,0x6b,
  0x65,0x64,0x20,0x3f,0x20,0x31,0x2e,0x30,0x20,0x3a,0x20,0x30,0x2e,0x34,0x32,0xa,
  0x20,0x20,0x20,0x20,0x73,0x63,0x61,0x6c,0x65,0x3a,0x20,0x70,0x72,0x65,0x73,0x73,
  0x65,0x64,0x20,0x3f,0x20,0x30,0x2e,0x39,0x34,0x20,0x3a,0x20,0x31,0x2e,0x30,0xa,
  0xa,0x20,0x20,0x20,0x20,0x42,0x65,0x68,0x61,0x76,0x69,0x6f,0x72,0x20,0x6f,0x6e,
  0x20,0x73,0x63,0x61,0x6c,0x65,0x20,0x7b,0xa,0x20,0x20,0x20,0x20,0x20,0x20,0x20,
  0x20,0x53,0x63,0x61,0x6c,0x65,0x41,0x6e,0x69,0x6d,0x61,0x74,0x6f,0x72,0x20,0x7b,
  0x20,0x64,0x75,0x72,0x61,0x74,0x69,0x6f,0x6e,0x3a,0x20,0x39,0x30,0x20,0x7d,0xa,
  0x20,0x20,0x20,0x20,0x7d,0xa,0xa,0x20,0x20,0x20,0x20,0x62,0x61,0x63,0x6b,0x67,
  0x72,0x6f,0x75,0x6e,0x64,0x3a,0x20,0x52,0x65,0x63,0x74,0x61,0x6e,0x67,0x6c,0x65,
  0x20,0x7b,0xa,0x20,0x20,0x20,0x20,0x20,0x20,0x20,0x20,0x72,0x61,0x64,0x69,0x75,
  0x73,0x3a,0x20,0x31,0x34,0xa,0x20,0x20,0x20,0x20,0x20,0x20,0x20,0x20,0x62,0x6f,
  0x72,0x64,0x65,0x72,0x2e,0x77,0x69,0x64,0x74,0x68,0x3a,0x20,0x32,0xa,0x20,0x20,
  0x20,0x20,0x20,0x20,0x20,0x20,0x62,0x6f,0x72,0x64,0x65,0x72,0x2e,0x63,0x6f,0x6c,
  0x6f,0x72,0x3a,0x20,0x74,0x69,0x6c,0x65,0x2e,0x67,0x61,0x6d,0x65,0x2e,0x6c,0x65,
  0x76,0x65,0x6c,0x49,0x6e,0x64,0x65,0x78,0x20,0x3d,0x3d,0x3d,0x20,0x74,0x69,0x6c,
  0x65,0x2e,0x69,0x6e,0x64,0x65,0x78,0x20,0x3f,0x20,0x54,0x68,0x65,0x6d,0x65,0x2e,
  0x70,0x61,0x6e,0x65,0x6c,0x45,0x64,0x67,0x65,0x20,0x3a,0x20,0x22,0x23,0x35,0x65,
  0x33,0x61,0x31,0x38,0x22,0xa,0x20,0x20,0x20,0x20,0x20,0x20,0x20,0x20,0x67,0x72,
  0x61,0x64,0x69,0x65,0x6e,0x74,0x3a,0x20,0x47,0x72,0x61,0x64,0x69,0x65,0x6e,0x74,
  0x20,0x7b,0xa,0x20,0x20,0x20,0x20,0x20,0x20,0x20,0x20,0x20,0x20,0x20,0x20,0x47,
  0x72,0x61,0x64,0x69,0x65,0x6e,0x74,0x53,0x74,0x6f,0x70,0x20,0x7b,0x20,0x70,0x6f,
  0x73,0x69,0x74,0x69,0x6f,0x6e,0x3a,0x20,0x30,0x2e,0x30,0x3b,0x20,0x63,0x6f,0x6c,
  0x6f,0x72,0x3a,0x20,0x22,0x23,0x61,0x30,0x36,0x63,0x33,0x38,0x22,0x20,0x7d,0xa,
  0x20,0x20,0x20,0x20,0x20,0x20,0x20,0x20,0x20,0x20,0x20,0x20,0x47,0x72,0x61,0x64,
  0x69,0x65,0x6e,0x74,0x53,0x74,0x6f,0x70,0x20,0x7b,0x20,0x70,0x6f,0x73,0x69,0x74,
  0x69,0x6f,0x6e,0x3a,0x20,0x31,0x2e,0x30,0x3b,0x20,0x63,0x6f,0x6c,0x6f,0x72,0x3a,
  0x20,0x22,0x23,0x36,0x64,0x34,0x34,0x32,0x30,0x22,0x20,0x7d,0xa,0x20,0x20,0x20,
  0x20,0x20,0x20,0x20,0x20,0x7d,0xa,0x20,0x20,0x20,0x20,0x7d,0xa,0xa,0x20,0x20,
  0x20,0x20,0x63,0x6f,0x6e,0x74,0x65,0x6e,0x74,0x49,0x74,0x65,0x6d,0x3a,0x20,0x43,
  0x6f,0x6c,0x75,0x6d,0x6e,0x20,0x7b,0xa,0x20,0x20,0x20,0x20,0x20,0x20,0x20,0x20,
  0x73,0x70,0x61,0x63,0x69,0x6e,0x67,0x3a,0x20,0x31,0xa,0xa,0x20,0x20,0x20,0x20,
  0x20,0x20,0x20,0x20,0x47,0x61,0x6d,0x65,0x4c,0x61,0x62,0x65,0x6c,0x20,0x7b,0xa,
  0x20,0x20,0x20,0x20,0x20,0x20,0x20,0x20,0x20,0x20,0x20,0x20,0x77,0x69,0x64,0x74,
  0x68,0x3a,0x20,0x70,0x61,0x72,0x65,0x6e,0x74,0x2e,0x77,0x69,0x64,0x74,0x68,0xa,
  0x20,0x20,0x20,0x20,0x20,0x20,0x20,0x20,0x20,0x20,0x20,0x20,0x68,0x6f,0x72,0x69,
  0x7a,0x6f,0x6e,0x74,0x61,0x6c,0x41,0x6c,0x69,0x67,0x6e,0x6d,0x65,0x6e,0x74,0x3a,
  0x20,0x54,0x65,0x78,0x74,0x2e,0x41,0x6c,0x69,0x67,0x6e,0x48,0x43,0x65,0x6e,0x74,
  0x65,0x72,0xa,0x20,0x20,0x20,0x20,0x20,0x20,0x20,0x20,0x20,0x20,0x20,0x20,0x66,
  0x6f,0x6e,0x74,0x2e,0x70,0x69,0x78,0x65,0x6c,0x53,0x69,0x7a,0x65,0x3a,0x20,0x32,
  0x36,0xa,0x20,0x20,0x20,0x20,0x20,0x20,0x20,0x20,0x20,0x20,0x20,0x20,0x74,0x65,
  0x78,0x74,0x3a,0x20,0x74,0x69,0x6c,0x65,0x2e,0x69,0x6e,0x64,0x65,0x78,0x20,0x2b,
  0x20,0x31,0xa,0x20,0x20,0x20,0x20,0x20,0x20,0x20,0x20,0x7d,0xa,0xa,0x20,0x20,
  0x20,0x20,0x20,0x20,0x20,0x20,0x47,0x61,0x6d,0x65,0x4c,0x61,0x62,0x65,0x6c,0x20,
  0x7b,0xa,0x20,0x20,0x20,0x20,0x20,0x20,0x20,0x20,0x20,0x20,0x20,0x20,0x77,0x69,
  0x64,0x74,0x68,0x3a,0x20,0x70,0x61,0x72,0x65,0x6e,0x74,0x2e,0x77,0x69,0x64,0x74,
  0x68,0xa,0x20,0x20,0x20,0x20,0x20,0x20,0x20,0x20,0x20,0x20,0x20,0x20,0x68,0x6f,
  0x72,0x69,0x7a,0x6f,0x6e,0x74,0x61,0x6c,0x41,0x6c,0x69,0x67,0x6e,0x6d,0x65,0x6e,
  0x74,0x3a,0x20,0x54,0x65,0x78,0x74,0x2e,0x41,0x6c,0x69,0x67,0x6e,0x48,0x43,0x65,
  0x6e,0x74,0x65,0x72,0xa,0x20,0x20,0x20,0x20,0x20,0x20,0x20,0x20,0x20,0x20,0x20,
  0x20,0x66,0x6f,0x6e,0x74,0x2e,0x70,0x69,0x78,0x65,0x6c,0x53,0x69,0x7a,0x65,0x3a,
  0x20,0x31,0x31,0xa,0x20,0x20,0x20,0x20,0x20,0x20,0x20,0x20,0x20,0x20,0x20,0x20,
  0x63,0x6f,0x6c,0x6f,0x72,0x3a,0x20,0x54,0x68,0x65,0x6d,0x65,0x2e,0x69,0x6e,0x6b,
  0x44,0x69,0x6d,0xa,0x20,0x20,0x20,0x20,0x20,0x20,0x20,0x20,0x20,0x20,0x20,0x20,
  0x74,0x65,0x78,0x74,0x3a,0x20,0x74,0x69,0x6c,0x65,0x2e,0x67,0x61,0x6d,0x65,0x2e,
  0x74,0x61,0x70,0x42,0x75,0x64,0x67,0x65,0x74,0x41,0x74,0x28,0x74,0x69,0x6c,0x65,
  0x2e,0x69,0x6e,0x64,0x65,0x78,0x29,0x20,0x3d,0x3d,0x3d,0x20,0x31,0xa,0x20,0x20,
  0x20,0x20,0x20,0x20,0x20,0x20,0x20,0x20,0x20,0x20,0x20,0x20,0x20,0x20,0x20,0x20,
  0x3f,0x20,0x71,0x73,0x54,0x72,0x28,0x22,0x31,0x20,0x54,0x4f,0x55,0x43,0x48,0x22,
  0x29,0xa,0x20,0x20,0x20,0x20,0x20,0x20,0x20,0x20,0x20,0x20,0x20,0x20,0x20,0x20,
  0x20,0x20,0x20,0x20,0x3a,0x20,0x71,0x73,0x54,0x72,0x28,0x22,0x25,0x31,0x20,0x54,
  0x4f,0x55,0x43,0x48,0x45,0x53,0x22,0x29,0x2e,0x61,0x72,0x67,0x28,0x74,0x69,0x6c,
  0x65,0x2e,0x67,0x61,0x6d,0x65,0x2e,0x74,0x61,0x70,0x42,0x75,0x64,0x67,0x65,0x74,
  0x41,0x74,0x28,0x74,0x69,0x6c,0x65,0x2e,0x69,0x6e,0x64,0x65,0x78,0x29,0x29,0xa,
  0x20,0x20,0x20,0x20,0x20,0x20,0x20,0x20,0x7d,0xa,0xa,0x20,0x20,0x20,0x20,0x20,
  0x20,0x20,0x20,0x47,0x61,0x6d,0x65,0x4c,0x61,0x62,0x65,0x6c,0x20,0x7b,0xa,0x20,
  0x20,0x20,0x20,0x20,0x20,0x20,0x20,0x20,0x20,0x20,0x20,0x77,0x69,0x64,0x74,0x68,
  0x3a,0x20,0x70,0x61,0x72,0x65,0x6e,0x74,0x2e,0x77,0x69,0x64,0x74,0x68,0xa,0x20,
  0x20,0x20,0x20,0x20,0x20,0x20,0x20,0x20,0x20,0x20,0x20,0x68,0x6f,0x72,0x69,0x7a,
  0x6f,0x6e,0x74,0x61,0x6c,0x41,0x6c,0x69,0x67,0x6e,0x6d,0x65,0x6e,0x74,0x3a,0x20,
  0x54,0x65,0x78,0x74,0x2e,0x41,0x6c,0x69,0x67,0x6e,0x48,0x43,0x65,0x6e,0x74,0x65,
  0x72,0xa,0x20,0x20,0x20,0x20,0x20,0x20,0x20,0x20,0x20,0x20,0x20,0x20,0x66,0x6f,
  0x6e,0x74,0x2e,0x70,0x69,0x78,0x65,0x6c,0x53,0x69,0x7a,0x65,0x3a,0x20,0x31,0x31,
  0xa,0x20,0x20,0x20,0x20,0x20,0x20,0x20,0x20,0x20,0x20,0x20,0x20,0x63,0x6f,0x6c,
  0x6f,0x72,0x3a,0x20,0x54,0x68,0x65,0x6d,0x65,0x2e,0x61,0x63,0x63,0x65,0x6e,0x74,
  0xa,0x20,0x20,0x20,0x20,0x20,0x20,0x20,0x20,0x20,0x20,0x20,0x20,0x74,0x65,0x78,
  0x74,0x3a,0x20,0x74,0x69,0x6c,0x65,0x2e,0x62,0x65,0x73,0x74,0x20,0x3e,0x20,0x30,
  0x20,0x3f,0x20,0x71,0x73,0x54,0x72,0x28,0x22,0x42,0x45,0x53,0x54,0x20,0x25,0x31,
  0x22,0x29,0x2e,0x61,0x72,0x67,0x28,0x74,0x69,0x6c,0x65,0x2e,0x62,0x65,0x73,0x74,
  0x29,0x20,0x3a,0x20,0x22,0xe2,0x80,0x94,0x22,0xa,0x20,0x20,0x20,0x20,0x20,0x20,
  0x20,0x20,0x7d,0xa,0x20,0x20,0x20,0x20,0x7d,0xa,0x7d,0xa,
  
};

static const unsigned char qt_resource_name[] = {
  // qt
  0x0,0x2,
  0x0,0x0,0x7,0x84,
  0x0,0x71,
  0x0,0x74,
    // qml
  0x0,0x3,
  0x0,0x0,0x78,0x3c,
  0x0,0x71,
  0x0,0x6d,0x0,0x6c,
    // CrazyPoppers
  0x0,0xc,
  0xe,0x36,0x4f,0x53,
  0x0,0x43,
  0x0,0x72,0x0,0x61,0x0,0x7a,0x0,0x79,0x0,0x50,0x0,0x6f,0x0,0x70,0x0,0x70,0x0,0x65,0x0,0x72,0x0,0x73,
    // Main.qml
  0x0,0x8,
  0x8,0x1,0x5e,0x5c,
  0x0,0x4d,
  0x0,0x61,0x0,0x69,0x0,0x6e,0x0,0x2e,0x0,0x71,0x0,0x6d,0x0,0x6c,
    // BoardView.qml
  0x0,0xd,
  0xd,0x7b,0x46,0x9c,
  0x0,0x42,
  0x0,0x6f,0x0,0x61,0x0,0x72,0x0,0x64,0x0,0x56,0x0,0x69,0x0,0x65,0x0,0x77,0x0,0x2e,0x0,0x71,0x0,0x6d,0x0,0x6c,
    // Shockwave.qml
  0x0,0xd,
  0xb,0x2f,0x14,0xfc,
  0x0,0x53,
  0x0,0x68,0x0,0x6f,0x0,0x63,0x0,0x6b,0x0,0x77,0x0,0x61,0x0,0x76,0x0,0x65,0x0,0x2e,0x0,0x71,0x0,0x6d,0x0,0x6c,
    // OverlayPanel.qml
  0x0,0x10,
  0x6,0xfb,0xd8,0x1c,
  0x0,0x4f,
  0x0,0x76,0x0,0x65,0x0,0x72,0x0,0x6c,0x0,0x61,0x0,0x79,0x0,0x50,0x0,0x61,0x0,0x6e,0x0,0x65,0x0,0x6c,0x0,0x2e,0x0,0x71,0x0,0x6d,0x0,0x6c,
    // HudStat.qml
  0x0,0xb,
  0xa,0x18,0x27,0x7c,
  0x0,0x48,
  0x0,0x75,0x0,0x64,0x0,0x53,0x0,0x74,0x0,0x61,0x0,0x74,0x0,0x2e,0x0,0x71,0x0,0x6d,0x0,0x6c,
    // TopBar.qml
  0x0,0xa,
  0x8,0x8e,0x3c,0xbc,
  0x0,0x54,
  0x0,0x6f,0x0,0x70,0x0,0x42,0x0,0x61,0x0,0x72,0x0,0x2e,0x0,0x71,0x0,0x6d,0x0,0x6c,
    // PauseOverlay.qml
  0x0,0x10,
  0x1,0xd4,0x6e,0x3c,
  0x0,0x50,
  0x0,0x61,0x0,0x75,0x0,0x73,0x0,0x65,0x0,0x4f,0x0,0x76,0x0,0x65,0x0,0x72,0x0,0x6c,0x0,0x61,0x0,0x79,0x0,0x2e,0x0,0x71,0x0,0x6d,0x0,0x6c,
    // BulletDot.qml
  0x0,0xd,
  0x8,0xe1,0x10,0x1c,
  0x0,0x42,
  0x0,0x75,0x0,0x6c,0x0,0x6c,0x0,0x65,0x0,0x74,0x0,0x44,0x0,0x6f,0x0,0x74,0x0,0x2e,0x0,0x71,0x0,0x6d,0x0,0x6c,
    // GameScreen.qml
  0x0,0xe,
  0xb,0xf4,0x72,0x5c,
  0x0,0x47,
  0x0,0x61,0x0,0x6d,0x0,0x65,0x0,0x53,0x0,0x63,0x0,0x72,0x0,0x65,0x0,0x65,0x0,0x6e,0x0,0x2e,0x0,0x71,0x0,0x6d,0x0,0x6c,
    // PauseButton.qml
  0x0,0xf,
  0x2,0x93,0x37,0x7c,
  0x0,0x50,
  0x0,0x61,0x0,0x75,0x0,0x73,0x0,0x65,0x0,0x42,0x0,0x75,0x0,0x74,0x0,0x74,0x0,0x6f,0x0,0x6e,0x0,0x2e,0x0,0x71,0x0,0x6d,0x0,0x6c,
    // Theme.qml
  0x0,0x9,
  0xc,0x38,0xe5,0xfc,
  0x0,0x54,
  0x0,0x68,0x0,0x65,0x0,0x6d,0x0,0x65,0x0,0x2e,0x0,0x71,0x0,0x6d,0x0,0x6c,
    // WoodBackground.qml
  0x0,0x12,
  0x4,0x9d,0xe8,0xdc,
  0x0,0x57,
  0x0,0x6f,0x0,0x6f,0x0,0x64,0x0,0x42,0x0,0x61,0x0,0x63,0x0,0x6b,0x0,0x67,0x0,0x72,0x0,0x6f,0x0,0x75,0x0,0x6e,0x0,0x64,0x0,0x2e,0x0,0x71,0x0,0x6d,
  0x0,0x6c,
    // ResultOverlay.qml
  0x0,0x11,
  0x4,0xc6,0xe6,0x1c,
  0x0,0x52,
  0x0,0x65,0x0,0x73,0x0,0x75,0x0,0x6c,0x0,0x74,0x0,0x4f,0x0,0x76,0x0,0x65,0x0,0x72,0x0,0x6c,0x0,0x61,0x0,0x79,0x0,0x2e,0x0,0x71,0x0,0x6d,0x0,0x6c,
  
    // PopButton.qml
  0x0,0xd,
  0x5,0xa8,0x70,0x1c,
  0x0,0x50,
  0x0,0x6f,0x0,0x70,0x0,0x42,0x0,0x75,0x0,0x74,0x0,0x74,0x0,0x6f,0x0,0x6e,0x0,0x2e,0x0,0x71,0x0,0x6d,0x0,0x6c,
    // GameLabel.qml
  0x0,0xd,
  0x3,0xb8,0x15,0xfc,
  0x0,0x47,
  0x0,0x61,0x0,0x6d,0x0,0x65,0x0,0x4c,0x0,0x61,0x0,0x62,0x0,0x65,0x0,0x6c,0x0,0x2e,0x0,0x71,0x0,0x6d,0x0,0x6c,
    // BottomBar.qml
  0x0,0xd,
  0xa,0x52,0x3d,0x3c,
  0x0,0x42,
  0x0,0x6f,0x0,0x74,0x0,0x74,0x0,0x6f,0x0,0x6d,0x0,0x42,0x0,0x61,0x0,0x72,0x0,0x2e,0x0,0x71,0x0,0x6d,0x0,0x6c,
    // CreatureCell.qml
  0x0,0x10,
  0xd,0x44,0xe9,0xfc,
  0x0,0x43,
  0x0,0x72,0x0,0x65,0x0,0x61,0x0,0x74,0x0,0x75,0x0,0x72,0x0,0x65,0x0,0x43,0x0,0x65,0x0,0x6c,0x0,0x6c,0x0,0x2e,0x0,0x71,0x0,0x6d,0x0,0x6c,
    // LevelSelectOverlay.qml
  0x0,0x16,
  0x7,0xf9,0xa5,0x9c,
  0x0,0x4c,
  0x0,0x65,0x0,0x76,0x0,0x65,0x0,0x6c,0x0,0x53,0x0,0x65,0x0,0x6c,0x0,0x65,0x0,0x63,0x0,0x74,0x0,0x4f,0x0,0x76,0x0,0x65,0x0,0x72,0x0,0x6c,0x0,0x61,
  0x0,0x79,0x0,0x2e,0x0,0x71,0x0,0x6d,0x0,0x6c,
    // LevelTile.qml
  0x0,0xd,
  0xd,0xc1,0xd6,0x3c,
  0x0,0x4c,
  0x0,0x65,0x0,0x76,0x0,0x65,0x0,0x6c,0x0,0x54,0x0,0x69,0x0,0x6c,0x0,0x65,0x0,0x2e,0x0,0x71,0x0,0x6d,0x0,0x6c,
  
};

static const unsigned char qt_resource_struct[] = {
  // :
  0x0,0x0,0x0,0x0,0x0,0x2,0x0,0x0,0x0,0x1,0x0,0x0,0x0,0x1,
0x0,0x0,0x0,0x0,0x0,0x0,0x0,0x0,
  // :/qt
  0x0,0x0,0x0,0x0,0x0,0x2,0x0,0x0,0x0,0x1,0x0,0x0,0x0,0x2,
0x0,0x0,0x0,0x0,0x0,0x0,0x0,0x0,
  // :/qt/qml
  0x0,0x0,0x0,0xa,0x0,0x2,0x0,0x0,0x0,0x1,0x0,0x0,0x0,0x3,
0x0,0x0,0x0,0x0,0x0,0x0,0x0,0x0,
  // :/qt/qml/CrazyPoppers
  0x0,0x0,0x0,0x16,0x0,0x2,0x0,0x0,0x0,0x13,0x0,0x0,0x0,0x4,
0x0,0x0,0x0,0x0,0x0,0x0,0x0,0x0,
  // :/qt/qml/CrazyPoppers/PauseOverlay.qml
  0x0,0x0,0x0,0xe6,0x0,0x0,0x0,0x0,0x0,0x1,0x0,0x0,0x19,0x39,
0x0,0x0,0x1,0x9f,0xcf,0x69,0xe9,0x66,
  // :/qt/qml/CrazyPoppers/PauseButton.qml
  0x0,0x0,0x1,0x4e,0x0,0x0,0x0,0x0,0x0,0x1,0x0,0x0,0x24,0xdc,
0x0,0x0,0x1,0x9f,0xcf,0x68,0xe0,0xd,
  // :/qt/qml/CrazyPoppers/GameLabel.qml
  0x0,0x0,0x1,0xfc,0x0,0x0,0x0,0x0,0x0,0x1,0x0,0x0,0x3b,0x7b,
0x0,0x0,0x1,0x9f,0xcf,0x66,0x83,0x40,
  // :/qt/qml/CrazyPoppers/WoodBackground.qml
  0x0,0x0,0x1,0x8a,0x0,0x0,0x0,0x0,0x0,0x1,0x0,0x0,0x2c,0x8d,
0x0,0x0,0x1,0x9f,0xcf,0x66,0x7d,0xb4,
  // :/qt/qml/CrazyPoppers/ResultOverlay.qml
  0x0,0x0,0x1,0xb4,0x0,0x0,0x0,0x0,0x0,0x1,0x0,0x0,0x2f,0xee,
0x0,0x0,0x1,0x9f,0xcf,0x69,0xdd,0xcb,
  // :/qt/qml/CrazyPoppers/PopButton.qml
  0x0,0x0,0x1,0xdc,0x0,0x0,0x0,0x0,0x0,0x1,0x0,0x0,0x37,0x39,
0x0,0x0,0x1,0x9f,0xcf,0x68,0xd2,0x35,
  // :/qt/qml/CrazyPoppers/OverlayPanel.qml
  0x0,0x0,0x0,0x8a,0x0,0x0,0x0,0x0,0x0,0x1,0x0,0x0,0xd,0xb2,
0x0,0x0,0x1,0x9f,0xcf,0x69,0xbe,0xe7,
  // :/qt/qml/CrazyPoppers/LevelSelectOverlay.qml
  0x0,0x0,0x2,0x62,0x0,0x0,0x0,0x0,0x0,0x1,0x0,0x0,0x44,0x71,
0x0,0x0,0x1,0x9f,0xcf,0x6a,0x1a,0x29,
  // :/qt/qml/CrazyPoppers/Main.qml
  0x0,0x0,0x0,0x34,0x0,0x0,0x0,0x0,0x0,0x1,0x0,0x0,0x0,0x0,
0x0,0x0,0x1,0x9f,0xcf,0x66,0x6d,0x4e,
  // :/qt/qml/CrazyPoppers/TopBar.qml
  0x0,0x0,0x0,0xcc,0x0,0x0,0x0,0x0,0x0,0x1,0x0,0x0,0x14,0xec,
0x0,0x0,0x1,0x9f,0xcf,0x69,0x9b,0xca,
  // :/qt/qml/CrazyPoppers/BulletDot.qml
  0x0,0x0,0x1,0xc,0x0,0x0,0x0,0x0,0x0,0x1,0x0,0x0,0x1c,0x7c,
0x0,0x0,0x1,0x9f,0xcf,0x68,0x83,0x52,
  // :/qt/qml/CrazyPoppers/HudStat.qml
  0x0,0x0,0x0,0xb0,0x0,0x0,0x0,0x0,0x0,0x1,0x0,0x0,0x13,0x7e,
0x0,0x0,0x1,0x9f,0xcf,0x68,0xbf,0x9e,
  // :/qt/qml/CrazyPoppers/BottomBar.qml
  0x0,0x0,0x2,0x1c,0x0,0x0,0x0,0x0,0x0,0x1,0x0,0x0,0x3c,0x70,
0x0,0x0,0x1,0x9f,0xcf,0x69,0xac,0x53,
  // :/qt/qml/CrazyPoppers/Shockwave.qml
  0x0,0x0,0x0,0x6a,0x0,0x0,0x0,0x0,0x0,0x1,0x0,0x0,0x9,0x1f,
0x0,0x0,0x1,0x9f,0xcf,0x68,0x93,0xcf,
  // :/qt/qml/CrazyPoppers/GameScreen.qml
  0x0,0x0,0x1,0x2c,0x0,0x1,0x0,0x0,0x0,0x1,0x0,0x0,0x22,0xd4,
0x0,0x0,0x1,0x9f,0xcf,0x6a,0x34,0xe6,
  // :/qt/qml/CrazyPoppers/Theme.qml
  0x0,0x0,0x1,0x72,0x0,0x0,0x0,0x0,0x0,0x1,0x0,0x0,0x28,0x3f,
0x0,0x0,0x1,0x9f,0xcf,0x66,0x65,0xcd,
  // :/qt/qml/CrazyPoppers/CreatureCell.qml
  0x0,0x0,0x2,0x3c,0x0,0x1,0x0,0x0,0x0,0x1,0x0,0x0,0x40,0xbe,
0x0,0x0,0x1,0x9f,0xcf,0x68,0x6b,0x9e,
  // :/qt/qml/CrazyPoppers/BoardView.qml
  0x0,0x0,0x0,0x4a,0x0,0x0,0x0,0x0,0x0,0x1,0x0,0x0,0x1,0x3f,
0x0,0x0,0x1,0x9f,0xcf,0x68,0xb8,0x10,
  // :/qt/qml/CrazyPoppers/LevelTile.qml
  0x0,0x0,0x2,0x94,0x0,0x0,0x0,0x0,0x0,0x1,0x0,0x0,0x47,0x21,
0x0,0x0,0x1,0x9f,0xcf,0x6a,0xf,0x5b,

};

#ifdef QT_NAMESPACE
#  define QT_RCC_PREPEND_NAMESPACE(name) ::QT_NAMESPACE::name
#  define QT_RCC_MANGLE_NAMESPACE0(x) x
#  define QT_RCC_MANGLE_NAMESPACE1(a, b) a##_##b
#  define QT_RCC_MANGLE_NAMESPACE2(a, b) QT_RCC_MANGLE_NAMESPACE1(a,b)
#  define QT_RCC_MANGLE_NAMESPACE(name) QT_RCC_MANGLE_NAMESPACE2( \
        QT_RCC_MANGLE_NAMESPACE0(name), QT_RCC_MANGLE_NAMESPACE0(QT_NAMESPACE))
#else
#   define QT_RCC_PREPEND_NAMESPACE(name) name
#   define QT_RCC_MANGLE_NAMESPACE(name) name
#endif

#if defined(QT_INLINE_NAMESPACE)
inline namespace QT_NAMESPACE {
#elif defined(QT_NAMESPACE)
namespace QT_NAMESPACE {
#endif

bool qRegisterResourceData(int, const unsigned char *, const unsigned char *, const unsigned char *);
bool qUnregisterResourceData(int, const unsigned char *, const unsigned char *, const unsigned char *);

#if defined(__ELF__) || defined(__APPLE__)
static inline unsigned char qResourceFeatureZlib()
{
    extern const unsigned char qt_resourceFeatureZlib;
    return qt_resourceFeatureZlib;
}
#else
unsigned char qResourceFeatureZlib();
#endif

#ifdef QT_NAMESPACE
}
#endif

int QT_RCC_MANGLE_NAMESPACE(qInitResources_crazypoppersapp_raw_qml_0)();
int QT_RCC_MANGLE_NAMESPACE(qInitResources_crazypoppersapp_raw_qml_0)()
{
    int version = 3;
    QT_RCC_PREPEND_NAMESPACE(qRegisterResourceData)
        (version, qt_resource_struct, qt_resource_name, qt_resource_data);
    return 1;
}

int QT_RCC_MANGLE_NAMESPACE(qCleanupResources_crazypoppersapp_raw_qml_0)();
int QT_RCC_MANGLE_NAMESPACE(qCleanupResources_crazypoppersapp_raw_qml_0)()
{
    int version = 3;
    version += QT_RCC_PREPEND_NAMESPACE(qResourceFeatureZlib());
    QT_RCC_PREPEND_NAMESPACE(qUnregisterResourceData)
       (version, qt_resource_struct, qt_resource_name, qt_resource_data);
    return 1;
}

#ifdef __clang__
#   pragma clang diagnostic push
#   pragma clang diagnostic ignored "-Wexit-time-destructors"
#endif

namespace {
   struct initializer {
       initializer() { QT_RCC_MANGLE_NAMESPACE(qInitResources_crazypoppersapp_raw_qml_0)(); }
       ~initializer() { QT_RCC_MANGLE_NAMESPACE(qCleanupResources_crazypoppersapp_raw_qml_0)(); }
   } dummy;
}

#ifdef __clang__
#   pragma clang diagnostic pop
#endif
